time,latitude,longitude,depth,mag,magType,nst,gap,dmin,rms,net,id,updated,place,type,horizontalError,depthError,magError,magNst,status,locationSource,magSource
2019-08-17T15:53:25.223Z,64.0289,-148.8291,10.3,0.8,ml,,,,0.63,ak,ak019aizbe21,2019-08-17T16:02:44.593Z,"20km NNE of Healy, Alaska",earthquake,,0.5,,,automatic,ak,ak
2019-08-17T15:51:38.940Z,35.7781667,-117.5985,6.32,0.96,ml,17,125,0.0375,0.16,ci,ci38979112,2019-08-17T15:55:25.577Z,"18km W of Searles Valley, CA",earthquake,0.37,0.83,0.226,9,automatic,ci,ci
2019-08-17T15:49:13.590Z,35.6573333,-117.4583333,5.4,0.89,ml,20,53,0.02927,0.19,ci,ci38979104,2019-08-17T15:52:53.805Z,"13km SSW of Searles Valley, CA",earthquake,0.3,0.62,0.165,10,automatic,ci,ci
2019-08-17T15:48:22.600Z,34.2263333,-117.5251667,7.24,1.29,ml,30,58,0.0877,0.17,ci,ci38979096,2019-08-17T15:52:07.605Z,"4km SSW of Lytle Creek, CA",earthquake,0.24,0.74,0.256,28,automatic,ci,ci
2019-08-17T15:45:21.960Z,35.7135,-117.5531667,2.72,1.8,ml,28,60,0.09218,0.16,ci,ci38979088,2019-08-17T15:55:52.880Z,"15km WSW of Searles Valley, CA",earthquake,0.2,0.34,0.143,26,automatic,ci,ci
2019-08-17T15:44:50.560Z,35.8685,-117.6723333,9.98,1.12,ml,20,90,0.08042,0.14,ci,ci38979080,2019-08-17T15:48:34.347Z,"22km ESE of Little Lake, CA",earthquake,0.26,0.6,0.115,15,automatic,ci,ci
2019-08-17T15:43:00.480Z,36.0918333,-117.9441667,8.81,0.91,ml,7,218,0.07675,0.22,ci,ci38979072,2019-08-17T15:46:32.606Z,"5km N of Coso Junction, CA",earthquake,1.62,2.64,0.419,4,automatic,ci,ci
2019-08-17T15:40:53.940Z,35.9173333,-117.6645,11.73,0.43,ml,6,128,0.03258,0.14,ci,ci38979064,2019-08-17T15:44:30.857Z,"22km E of Little Lake, CA",earthquake,1.3,1.72,0.152,3,automatic,ci,ci
2019-08-17T15:40:31.000Z,35.91,-117.7115,-0.02,0.08,ml,7,99,0.06238,0.11,ci,ci38979056,2019-08-17T15:44:25.384Z,"18km E of Little Lake, CA",earthquake,0.27,31.61,0.044,3,automatic,ci,ci
2019-08-17T15:38:32.380Z,35.9778333,-117.8916667,4.25,1.09,ml,13,128,0.02986,0.13,ci,ci38979048,2019-08-17T15:42:11.983Z,"5km NNE of Little Lake, CA",earthquake,0.3,0.53,0.229,15,automatic,ci,ci
2019-08-17T15:31:08.940Z,35.9346667,-117.6775,14.02,0.38,ml,9,124,0.02567,0.22,ci,ci38979040,2019-08-17T15:34:53.843Z,"21km E of Little Lake, CA",earthquake,2.07,1.61,0.067,3,automatic,ci,ci
2019-08-17T15:27:06.740Z,35.8828333,-117.711,8.09,0.79,ml,14,60,0.08147,0.17,ci,ci38979032,2019-08-17T15:30:36.626Z,"19km ESE of Little Lake, CA",earthquake,0.31,0.86,0.195,11,automatic,ci,ci
2019-08-17T15:25:12.240Z,35.7761667,-117.572,9.56,0.64,ml,14,153,0.0446,0.17,ci,ci38979024,2019-08-17T15:28:50.034Z,"15km W of Searles Valley, CA",earthquake,0.53,0.83,0.196,7,automatic,ci,ci
2019-08-17T15:24:27.400Z,35.8375,-117.6721667,10.54,0.9,ml,18,76,0.06444,0.15,ci,ci38979016,2019-08-17T15:28:14.278Z,"24km ESE of Little Lake, CA",earthquake,0.3,0.7,0.14,13,automatic,ci,ci
2019-08-17T15:22:30.155Z,36.75209045,-98.05783081,0.732580364,2.73,ml,50,113.7516022,0.095038608,0.758734056,ok,ok2019qbtd,2019-08-17T15:26:28.993Z,"26km E of Cherokee, Oklahoma",earthquake,1.910614349,1.353275869,,36,automatic,ok,ok
2019-08-17T15:18:25.010Z,36.0793333,-117.8571667,2.37,1.34,ml,15,131,0.03821,0.16,ci,ci38979000,2019-08-17T15:22:06.241Z,"9km ENE of Coso Junction, CA",earthquake,0.34,0.31,0.167,16,automatic,ci,ci
2019-08-17T15:18:15.190Z,19.2506676,-155.3703308,39.27,2.04,md,50,146,0.02882,0.13,hv,hv71091997,2019-08-17T15:21:30.850Z,"12km ENE of Pahala, Hawaii",earthquake,0.59,0.63,0.16,16,automatic,hv,hv
2019-08-17T15:17:54.470Z,35.53,-117.3623333,8.3,1.26,ml,23,99,0.005348,0.18,ci,ci38978992,2019-08-17T15:21:31.239Z,"26km S of Trona, CA",earthquake,0.4,0.67,0.122,16,automatic,ci,ci
2019-08-17T15:13:16.350Z,35.7553333,-117.5446667,6.38,1.36,ml,21,71,0.07402,0.16,ci,ci38978984,2019-08-17T15:16:57.429Z,"13km W of Searles Valley, CA",earthquake,0.31,0.86,0.182,20,automatic,ci,ci
2019-08-17T15:11:26.700Z,35.8743333,-117.7075,3.55,0.35,ml,9,94,0.08051,0.16,ci,ci38978976,2019-08-17T15:14:58.200Z,"19km ESE of Little Lake, CA",earthquake,0.46,1.7,0.088,3,automatic,ci,ci
2019-08-17T15:09:33.750Z,35.8796667,-117.711,1.6,0.83,ml,12,67,0.08337,0.14,ci,ci38978968,2019-08-17T15:13:08.049Z,"19km ESE of Little Lake, CA",earthquake,0.28,0.56,0.104,12,automatic,ci,ci
2019-08-17T15:02:45.967Z,68.6281,-147.3535,0,1.7,ml,,,,0.92,ak,ak019aiz0i3z,2019-08-17T15:05:43.057Z,"93km NW of Arctic Village, Alaska",earthquake,,0.4,,,automatic,ak,ak
2019-08-17T14:58:48.600Z,35.8411667,-117.6615,4.69,0.41,ml,7,102,0.05786,0.12,ci,ci38978952,2019-08-17T15:02:23.117Z,"24km ESE of Little Lake, CA",earthquake,0.42,0.83,0.141,6,automatic,ci,ci
2019-08-17T14:58:29.210Z,38.8218346,-122.7661667,2.43,0.85,md,14,80,,0.05,nc,nc73252495,2019-08-17T15:30:03.947Z,"4km W of Cobb, CA",earthquake,0.35,0.55,0.18,6,automatic,nc,nc
2019-08-17T14:55:43.305Z,58.1736,-154.6672,9.2,2,ml,,,,1.19,ak,ak019aiyqfhk,2019-08-17T14:59:31.502Z,"81km NNW of Larsen Bay, Alaska",earthquake,,0.2,,,automatic,ak,ak
2019-08-17T14:53:27.260Z,35.708,-117.5545,2.27,1.1,ml,21,63,0.08659,0.21,ci,ci38978936,2019-08-17T14:57:05.083Z,"15km NE of Ridgecrest, CA",earthquake,0.36,0.51,0.112,15,automatic,ci,ci
2019-08-17T14:52:10.150Z,35.9233333,-117.7025,6.36,0.52,ml,6,114,0.04889,0.04,ci,ci38978928,2019-08-17T14:55:44.830Z,"18km E of Little Lake, CA",earthquake,0.31,0.8,0.292,3,automatic,ci,ci
2019-08-17T14:48:00.930Z,35.6286667,-117.6018333,10.15,1.51,ml,29,43,0.02747,0.17,ci,ci38978920,2019-08-17T14:51:48.051Z,"7km E of Ridgecrest, CA",earthquake,0.22,0.58,0.155,24,automatic,ci,ci
2019-08-17T14:47:19.860Z,35.7641667,-117.5833333,6.53,1.38,ml,25,63,0.05274,0.17,ci,ci38978912,2019-08-17T14:58:26.440Z,"16km W of Searles Valley, CA",earthquake,0.26,0.65,0.145,24,automatic,ci,ci
2019-08-17T14:44:47.061Z,68.6264,-147.353,0,2,ml,,,,0.79,ak,ak019aiyo2p0,2019-08-17T14:51:39.220Z,"93km NW of Arctic Village, Alaska",earthquake,,0.3,,,automatic,ak,ak
2019-08-17T14:44:15.771Z,58.7594,-134.6096,0,1.3,ml,,,,0.87,ak,ak019aiyo09s,2019-08-17T14:47:46.668Z,"52km NNW of Juneau, Alaska",earthquake,,0.6,,,automatic,ak,ak
2019-08-17T14:39:17.640Z,68.8898,-146.9391,0,2,ml,,,,0.99,ak,ak019aiymxsh,2019-08-17T14:57:50.780Z,"102km NNW of Arctic Village, Alaska",earthquake,,0.4,,,automatic,ak,ak
2019-08-17T14:32:59.150Z,35.0638333,-118.9845,17.23,1.39,ml,23,107,0.1414,0.23,ci,ci38978904,2019-08-17T14:36:35.964Z,"14km NNW of Grapevine, CA",earthquake,0.52,1.26,0.253,25,automatic,ci,ci
2019-08-17T14:31:24.680Z,35.9175,-117.7135,1.93,1.08,ml,16,55,0.05954,0.14,ci,ci38978896,2019-08-17T14:34:50.506Z,"18km E of Little Lake, CA",earthquake,0.2,0.39,0.199,14,automatic,ci,ci
2019-08-17T14:20:58.280Z,32.6625,-115.5695,8.16,2.15,ml,18,101,0.06532,0.22,ci,ci38978856,2019-08-17T14:24:32.455Z,"7km WSW of Calexico, CA",earthquake,0.63,1.45,0.21,28,automatic,ci,ci
2019-08-17T14:20:19.040Z,35.8811667,-117.6816667,8.31,0.41,ml,6,95,0.08471,0.28,ci,ci38978848,2019-08-17T14:24:06.451Z,"21km ESE of Little Lake, CA",earthquake,1,3.08,0.023,3,automatic,ci,ci
2019-08-17T13:57:24.220Z,35.7631667,-117.623,9.45,0.72,ml,7,130,0.05641,0.13,ci,ci38978824,2019-08-17T14:01:05.739Z,"16km NNE of Ridgecrest, CA",earthquake,0.57,0.92,0.133,9,automatic,ci,ci
2019-08-17T13:54:56.020Z,35.5898333,-117.3488333,1.39,0.91,ml,15,120,0.05049,0.18,ci,ci38978816,2019-08-17T13:58:34.310Z,"20km S of Trona, CA",earthquake,0.46,0.58,0.194,12,automatic,ci,ci
2019-08-17T13:51:36.650Z,36.104,-117.853,4.58,0.7,ml,13,76,0.01364,0.2,ci,ci38978800,2019-08-17T13:55:07.293Z,"11km NE of Coso Junction, CA",earthquake,0.47,0.49,0.185,5,automatic,ci,ci
2019-08-17T13:45:59.440Z,37.2729988,-121.4676666,7.12,1.48,md,6,125,0.1554,0.26,nc,nc73252485,2019-08-17T14:24:04.494Z,"23km NE of Morgan Hill, CA",earthquake,2.07,9.63,0.39,3,automatic,nc,nc
2019-08-17T13:45:25.710Z,35.922,-117.6996667,8.54,0.52,ml,7,112,0.04762,0.1,ci,ci38978792,2019-08-17T13:49:00.256Z,"19km E of Little Lake, CA",earthquake,0.67,1.25,0.147,4,automatic,ci,ci
2019-08-17T13:42:33.170Z,35.6076667,-117.4168333,3.86,1.46,ml,24,79,0.04258,0.17,ci,ci38978784,2019-08-17T13:46:27.237Z,"18km S of Trona, CA",earthquake,0.24,0.5,0.149,19,automatic,ci,ci
2019-08-17T13:42:23.010Z,35.9071667,-117.6978333,3.55,0.98,ml,22,64,0.056,0.2,ci,ci38978776,2019-08-17T13:46:10.032Z,"19km E of Little Lake, CA",earthquake,0.27,0.82,0.144,12,automatic,ci,ci
2019-08-17T13:37:49.470Z,36.0856667,-117.8605,2.02,2.61,ml,28,54,0.03217,0.12,ci,ci38978768,2019-08-17T13:41:36.160Z,"9km ENE of Coso Junction, CA",earthquake,0.19,0.25,0.16,25,automatic,ci,ci
2019-08-17T13:33:57.940Z,35.5678333,-117.1536667,0.31,1.31,ml,13,237,0.3429,0.22,ci,ci38978760,2019-08-17T13:37:56.139Z,"30km SE of Trona, CA",earthquake,2.58,31.61,0.257,16,automatic,ci,ci
2019-08-17T13:31:27.250Z,35.8375,-117.628,11.62,0.44,ml,9,119,0.03295,0.26,ci,ci38978752,2019-08-17T13:35:02.518Z,"22km WNW of Searles Valley, CA",earthquake,1.12,1.47,0.05,5,automatic,ci,ci
2019-08-17T13:26:45.560Z,36.109,-117.8403333,4.58,1.36,ml,15,104,0.01455,0.16,ci,ci38978744,2019-08-17T13:30:30.091Z,"12km NE of Coso Junction, CA",earthquake,0.32,0.33,0.249,17,automatic,ci,ci
2019-08-17T13:26:25.494Z,61.2579,-149.3313,27.8,1.5,ml,,,,0.59,ak,ak019aixyqj8,2019-08-17T13:30:20.039Z,"30km E of Anchorage, Alaska",earthquake,,0.2,,,automatic,ak,ak
2019-08-17T13:25:38.448Z,68.9174,-146.7283,2.1,1.7,ml,,,,1.11,ak,ak019aixyjt4,2019-08-17T13:32:00.773Z,"100km NNW of Arctic Village, Alaska",earthquake,,0.7,,,automatic,ak,ak
2019-08-17T13:20:42.632Z,57.9109,-138.0357,0,2.1,ml,,,,1.37,ak,ak019aixxhgt,2019-08-17T13:24:27.366Z,"146km WSW of Gustavus, Alaska",earthquake,,0.4,,,automatic,ak,ak
2019-08-17T13:20:17.700Z,35.9358333,-117.6988333,2.48,0.93,ml,14,45,0.04112,0.13,ci,ci38978736,2019-08-17T13:23:57.161Z,"19km E of Little Lake, CA",earthquake,0.18,0.26,0.236,11,automatic,ci,ci
2019-08-17T13:14:37.358Z,58.2485,-155.1731,0.2,1.7,ml,,,,0.46,ak,ak019aixw6uj,2019-08-17T13:17:45.591Z,"99km ESE of King Salmon, Alaska",earthquake,,0.3,,,automatic,ak,ak
2019-08-17T13:13:44.050Z,36.0423333,-117.458,6.27,0.82,ml,9,196,0.02959,0.15,ci,ci38978720,2019-08-17T13:17:27.005Z,"31km N of Searles Valley, CA",earthquake,0.62,0.55,0.16,8,automatic,ci,ci
2019-08-17T13:13:20.200Z,33.8231667,-116.9086667,13.16,0.62,ml,16,215,0.1363,0.1,ci,ci38978712,2019-08-17T13:16:52.001Z,"6km NE of San Jacinto, CA",earthquake,0.57,0.74,0.104,12,automatic,ci,ci
2019-08-17T13:12:11.290Z,35.9265,-117.6681667,2.75,0.84,ml,12,72,0.02578,0.1,ci,ci38978704,2019-08-17T13:15:56.993Z,"22km E of Little Lake, CA",earthquake,0.3,0.25,0.15,7,automatic,ci,ci
2019-08-17T13:06:54.320Z,35.6685,-117.4798333,2.23,1.25,ml,24,59,0.04585,0.19,ci,ci38978688,2019-08-17T13:10:39.432Z,"13km SSW of Searles Valley, CA",earthquake,0.27,0.42,0.152,17,automatic,ci,ci
2019-08-17T13:06:13.700Z,36.0726667,-117.8793333,5.74,0.86,ml,10,195,0.04901,0.2,ci,ci38978680,2019-08-17T13:09:54.426Z,"7km ENE of Coso Junction, CA",earthquake,0.89,1.3,0.085,5,automatic,ci,ci
2019-08-17T12:51:53.890Z,35.9288333,-117.7306667,0.52,1.5,ml,20,55,0.06788,0.18,ci,ci38978664,2019-08-17T12:55:56.351Z,"16km E of Little Lake, CA",earthquake,0.22,0.51,0.185,24,automatic,ci,ci
2019-08-17T12:47:50.670Z,47.7585,-120.21,3.8,1.66,ml,10,59,,0.06,uw,uw61545347,2019-08-17T15:56:14.830Z,"9km N of Entiat, Washington",earthquake,0.26,31.61,0.171294104,7,reviewed,uw,uw
2019-08-17T12:46:49.130Z,35.7525,-117.5453333,10.38,0.85,ml,9,203,0.07604,0.12,ci,ci38978656,2019-08-17T12:50:25.318Z,"13km W of Searles Valley, CA",earthquake,0.63,0.8,0.169,10,automatic,ci,ci
2019-08-17T12:45:20.230Z,33.5148333,-116.7971667,3.82,0.72,ml,31,37,0.07102,0.15,ci,ci38978648,2019-08-17T12:48:50.033Z,"10km NE of Aguanga, CA",earthquake,0.19,0.59,0.126,23,automatic,ci,ci
2019-08-17T12:35:01.290Z,35.8555,-117.6923333,7.98,0.21,ml,6,92,0.07529,0.08,ci,ci38978640,2019-08-17T12:38:45.881Z,"21km ESE of Little Lake, CA",earthquake,0.34,0.8,0.091,4,automatic,ci,ci
2019-08-17T12:34:34.398Z,12.1855,-87.9616,35,4.8,mb,,108,1.049,1.04,us,us600056en,2019-08-17T15:18:11.202Z,"83km SW of Jiquilillo, Nicaragua",earthquake,6.6,2,0.029,381,reviewed,us,us
2019-08-17T12:34:20.310Z,35.9123333,-117.71,0.12,0.37,ml,6,101,0.06001,0.13,ci,ci38978632,2019-08-17T12:37:59.595Z,"18km E of Little Lake, CA",earthquake,0.41,31.61,0.068,3,automatic,ci,ci
2019-08-17T12:33:29.200Z,35.8471667,-117.4748333,1.09,0.81,ml,17,77,0.1045,0.14,ci,ci38978624,2019-08-17T12:36:58.242Z,"11km NW of Searles Valley, CA",earthquake,0.26,0.49,0.175,10,automatic,ci,ci
2019-08-17T12:33:27.387Z,68.71,-147.1652,0,1.6,ml,,,,1.38,ak,ak019aixet5p,2019-08-17T12:42:48.281Z,"93km NW of Arctic Village, Alaska",earthquake,,0.8,,,automatic,ak,ak
2019-08-17T12:32:09.774Z,66.5732,-147.7333,14.6,1.2,ml,,,,0.63,ak,ak019aixek0h,2019-08-17T12:44:28.982Z,"109km W of Fort Yukon, Alaska",earthquake,,0.6,,,automatic,ak,ak
2019-08-17T12:21:53.660Z,36.1141667,-117.6648333,0.17,1.25,ml,15,142,0.1539,0.14,ci,ci38978616,2019-08-17T12:25:37.182Z,"27km ENE of Coso Junction, CA",earthquake,0.37,0.51,0.143,17,automatic,ci,ci
2019-08-17T12:18:49.680Z,35.6966667,-117.5416667,11.01,0.83,ml,9,169,0.07775,0.09,ci,ci38978600,2019-08-17T12:22:34.118Z,"15km WSW of Searles Valley, CA",earthquake,0.42,0.49,0.105,8,automatic,ci,ci
2019-08-17T12:15:19.110Z,35.6376667,-117.443,2.83,1.37,ml,21,56,0.03159,0.18,ci,ci38978592,2019-08-17T12:19:05.151Z,"15km SSW of Searles Valley, CA",earthquake,0.27,0.36,0.176,18,automatic,ci,ci
2019-08-17T12:13:51.390Z,19.4055004,-155.2819977,-0.09,1.79,ml,24,38,0.01226,0.1,hv,hv71091717,2019-08-17T12:19:32.980Z,"5km WSW of Volcano, Hawaii",earthquake,0.14,0.18,0.31,13,automatic,hv,hv
2019-08-17T12:13:15.690Z,35.634,-117.4438333,2.64,1.43,ml,19,82,0.03512,0.18,ci,ci38978584,2019-08-17T12:16:59.140Z,"15km SSW of Searles Valley, CA",earthquake,0.25,0.32,0.147,19,automatic,ci,ci
2019-08-17T12:10:00.120Z,35.7583333,-117.5618333,14.03,0.94,ml,14,155,0.06421,0.16,ci,ci38978576,2019-08-17T12:13:43.121Z,"14km W of Searles Valley, CA",earthquake,0.45,0.81,0.11,10,automatic,ci,ci
2019-08-17T12:08:50.760Z,33.1435,-116.512,15,0.58,ml,15,209,0.09509,0.2,ci,ci38978568,2019-08-17T12:12:38.119Z,"11km NE of Julian, CA",earthquake,0.82,0.87,0.253,5,automatic,ci,ci
2019-08-17T12:04:18.970Z,35.9191667,-117.7111667,3.07,1.21,ml,18,54,0.05706,0.12,ci,ci38978560,2019-08-17T12:08:04.839Z,"18km E of Little Lake, CA",earthquake,0.21,0.88,0.124,17,automatic,ci,ci
2019-08-17T12:04:01.550Z,35.9183333,-117.7128333,2.97,1.1,ml,16,54,0.05865,0.13,ci,ci38978552,2019-08-17T12:07:49.630Z,"18km E of Little Lake, CA",earthquake,0.24,1.12,0.208,14,automatic,ci,ci
2019-08-17T12:02:32.940Z,35.9636667,-117.4173333,1.87,0.76,ml,12,120,0.1522,0.14,ci,ci38978544,2019-08-17T12:06:01.113Z,"22km N of Searles Valley, CA",earthquake,0.37,0.61,0.223,8,automatic,ci,ci
2019-08-17T12:01:52.450Z,35.9261667,-117.6988333,6.79,0.6,ml,10,94,0.04491,0.08,ci,ci38978536,2019-08-17T12:05:29.829Z,"19km E of Little Lake, CA",earthquake,0.4,0.67,0.15,6,automatic,ci,ci
2019-08-17T11:59:37.300Z,35.9241667,-117.6993333,5.52,0.42,ml,11,92,0.04625,0.14,ci,ci38978528,2019-08-17T12:03:12.103Z,"19km E of Little Lake, CA",earthquake,0.5,1.19,0.21,3,automatic,ci,ci
2019-08-17T11:57:12.490Z,35.9298333,-117.6951667,7.93,0.98,ml,8,123,0.04057,0.11,ci,ci38978520,2019-08-17T12:00:54.346Z,"19km E of Little Lake, CA",earthquake,1.14,1.46,0.266,3,automatic,ci,ci
2019-08-17T11:55:31.170Z,35.9196663,-117.7109985,2.67,3.07,ml,50,35,0.05669,0.15,ci,ci38978512,2019-08-17T14:30:01.081Z,"18km E of Little Lake, CA",earthquake,0.17,0.33,0.245,21,automatic,ci,ci
2019-08-17T11:54:55.280Z,35.8318333,-117.6676667,9.03,0.84,ml,11,92,0.05923,0.13,ci,ci38978504,2019-08-17T11:58:38.027Z,"24km N of Ridgecrest, CA",earthquake,0.35,0.91,0.147,8,automatic,ci,ci
2019-08-17T11:53:34.570Z,61.7478,-150.121,191.2,1.4,ml,,,,0.83,ak,ak019aiwxocx,2019-08-17T11:58:48.013Z,"4km W of Willow, Alaska",earthquake,,2.5,,,automatic,ak,ak
2019-08-17T11:51:07.310Z,35.5523333,-117.4456667,2.68,2.29,ml,37,38,0.03666,0.16,ci,ci38978496,2019-08-17T12:02:19.950Z,"22km ESE of Ridgecrest, CA",earthquake,0.19,0.26,0.141,25,automatic,ci,ci
2019-08-17T11:50:49.290Z,35.6883333,-117.501,1.66,0.81,ml,15,128,0.06708,0.17,ci,ci38978488,2019-08-17T11:54:16.913Z,"12km SW of Searles Valley, CA",earthquake,0.38,0.54,0.126,8,automatic,ci,ci
2019-08-17T11:48:13.423Z,62.1887,-148.1069,8.3,1.6,ml,,,,0.8,ak,ak019aiwwk5a,2019-08-17T11:52:25.952Z,"58km NE of Sutton-Alpine, Alaska",earthquake,,0.2,,,automatic,ak,ak
2019-08-17T11:47:47.350Z,35.5903333,-117.4001667,8,1.16,ml,23,98,0.05071,0.2,ci,ci38978480,2019-08-17T11:51:30.895Z,"19km S of Trona, CA",earthquake,0.39,0.66,0.115,16,automatic,ci,ci
2019-08-17T11:45:48.171Z,68.9197,-146.7309,0,2.5,ml,,,,1.28,ak,ak019aiwvzoh,2019-08-17T12:06:26.040Z,"102km NNW of Arctic Village, Alaska",earthquake,,0.3,,,automatic,ak,ak
2019-08-17T11:41:53.816Z,44.4216,-128.5231,10,3.3,ml,,255,3.292,0.66,us,us600056e9,2019-08-17T12:04:25.174Z,Off the coast of Oregon,earthquake,6.7,2,0.045,66,reviewed,us,us
2019-08-17T11:39:00.760Z,34.59,-118.0208333,8.28,0.76,ml,10,231,0.06324,0.07,ci,ci38978472,2019-08-17T11:42:31.835Z,"7km E of Palmdale, CA",earthquake,0.66,0.48,0.158,17,automatic,ci,ci
2019-08-17T11:32:55.000Z,35.894,-117.7375,9.13,0.63,ml,11,116,0.08539,0.13,ci,ci38978464,2019-08-17T11:36:36.651Z,"16km ESE of Little Lake, CA",earthquake,0.36,0.92,0.263,5,automatic,ci,ci
2019-08-17T11:24:53.940Z,35.7356667,-117.5601667,8.25,0.77,ml,11,132,0.08548,0.15,ci,ci38978456,2019-08-17T11:28:35.741Z,"14km WSW of Searles Valley, CA",earthquake,0.52,1.32,0.067,9,automatic,ci,ci
2019-08-17T11:23:17.350Z,35.9175,-117.6851667,9.15,0.7,ml,11,100,0.04144,0.09,ci,ci38978448,2019-08-17T11:26:49.731Z,"20km E of Little Lake, CA",earthquake,0.24,0.5,0.226,7,automatic,ci,ci
2019-08-17T11:22:15.070Z,37.4901657,-121.8095016,7.37,2.4,md,50,36,0.04041,0.05,nc,nc73252455,2019-08-17T12:57:04.848Z,"11km NE of Milpitas, CA",earthquake,0.13,0.33,0.11,56,automatic,nc,nc
2019-08-17T11:20:49.650Z,35.9178333,-117.6841667,7.3,0.48,ml,10,99,0.04065,0.22,ci,ci38978440,2019-08-17T11:24:24.711Z,"20km E of Little Lake, CA",earthquake,0.52,1.25,0.147,5,automatic,ci,ci
2019-08-17T11:18:07.020Z,36.0038333,-117.673,15.59,0.76,ml,7,191,0.05875,0.25,ci,ci38978432,2019-08-17T11:21:48.694Z,"22km ENE of Little Lake, CA",earthquake,1.4,1.78,0.227,5,automatic,ci,ci
2019-08-17T11:15:41.100Z,38.8421669,-122.8416672,1.75,0.58,md,9,107,0.006005,0.01,nc,nc73252450,2019-08-17T12:42:02.775Z,"10km NW of The Geysers, CA",earthquake,0.31,1.18,,1,automatic,nc,nc
2019-08-17T11:10:08.680Z,35.8133333,-117.6226667,9.33,0.52,ml,6,138,0.02059,0.2,ci,ci38978424,2019-08-17T11:13:39.674Z,"20km WNW of Searles Valley, CA",earthquake,1.45,1.68,0.317,4,automatic,ci,ci
2019-08-17T11:08:28.570Z,35.7633333,-117.588,3.48,1.01,ml,15,128,0.05286,0.18,ci,ci38978416,2019-08-17T11:12:13.628Z,"17km W of Searles Valley, CA",earthquake,0.41,1.18,0.141,13,automatic,ci,ci
2019-08-17T11:07:31.250Z,35.623,-117.6015,6.54,1.14,ml,20,73,0.02641,0.18,ci,ci38978400,2019-08-17T11:11:22.158Z,"7km E of Ridgecrest, CA",earthquake,0.3,0.63,0.093,14,automatic,ci,ci
2019-08-17T11:06:12.650Z,35.8365,-117.6606667,2.69,0.55,ml,8,87,0.05535,0.16,ci,ci38978392,2019-08-17T11:09:53.614Z,"24km N of Ridgecrest, CA",earthquake,0.34,0.55,0.07,5,automatic,ci,ci
2019-08-17T11:04:00.423Z,61.4158,-151.0531,53.6,2.3,ml,,,,0.59,ak,ak019aiwn0hk,2019-08-17T11:15:31.040Z,"59km W of Big Lake, Alaska",earthquake,,0.7,,,automatic,ak,ak
2019-08-17T10:58:01.020Z,18.8778,-65.7088,33,1.92,md,4,308,0.7489,0.49,pr,pr2019229006,2019-08-17T14:20:16.136Z,"51km NNE of Vieques, Puerto Rico",earthquake,6.28,29.78,0,1,reviewed,pr,pr
2019-08-17T10:56:53.730Z,35.7418333,-117.5345,0.38,1.06,ml,19,139,0.0898,0.21,ci,ci38978384,2019-08-17T11:00:54.549Z,"12km WSW of Searles Valley, CA",earthquake,0.38,31.61,0.1,13,automatic,ci,ci
2019-08-17T10:54:41.090Z,36.108,-117.8496667,4.26,0.85,ml,12,79,0.01044,0.13,ci,ci38978368,2019-08-17T10:58:11.826Z,"11km NE of Coso Junction, CA",earthquake,0.44,0.37,0.29,8,automatic,ci,ci
2019-08-17T10:39:11.200Z,35.8313333,-117.66,9.99,0.54,ml,10,101,0.05311,0.09,ci,ci38978360,2019-08-17T10:42:45.436Z,"23km N of Ridgecrest, CA",earthquake,0.34,0.83,0.053,5,automatic,ci,ci
2019-08-17T10:37:52.820Z,35.7161667,-117.5246667,5.84,0.59,ml,13,136,0.09671,0.17,ci,ci38978352,2019-08-17T10:41:32.855Z,"12km WSW of Searles Valley, CA",earthquake,0.5,1.64,0.144,5,automatic,ci,ci
2019-08-17T10:37:20.878Z,68.5239,-147.1,0,1.6,ml,,,,1.24,ak,ak019aiw8s71,2019-08-17T10:40:20.142Z,"78km NW of Arctic Village, Alaska",earthquake,,0.5,,,automatic,ak,ak
2019-08-17T10:35:32.110Z,35.6071667,-117.3771667,4.25,1.57,ml,30,88,0.06913,0.21,ci,ci38978344,2019-08-17T10:39:12.417Z,"18km S of Trona, CA",earthquake,0.34,0.71,0.244,23,automatic,ci,ci
2019-08-17T10:34:01.070Z,35.676,-117.5111667,1.3,0.83,ml,16,96,0.0716,0.18,ci,ci38978336,2019-08-17T10:37:29.823Z,"14km SW of Searles Valley, CA",earthquake,0.27,0.49,0.062,8,automatic,ci,ci
2019-08-17T10:32:57.960Z,35.8923333,-117.7395,8.53,0.77,ml,11,71,0.08526,0.06,ci,ci38978328,2019-08-17T10:36:43.273Z,"16km ESE of Little Lake, CA",earthquake,0.2,0.51,0.083,8,automatic,ci,ci
2019-08-17T10:32:06.889Z,68.9169,-146.7225,0,2.3,ml,,,,0.88,ak,ak019aiw7okh,2019-08-17T10:38:39.448Z,"100km NNW of Arctic Village, Alaska",earthquake,,0.3,,,automatic,ak,ak
2019-08-17T10:21:27.680Z,36.1081667,-117.8766667,3.98,1.56,ml,19,56,0.02,0.13,ci,ci38978320,2019-08-17T10:25:02.327Z,"10km NE of Coso Junction, CA",earthquake,0.26,0.36,0.203,22,automatic,ci,ci
2019-08-17T10:20:22.500Z,35.918,-117.6938333,8.03,0.51,ml,12,77,0.04619,0.07,ci,ci38978312,2019-08-17T10:24:08.322Z,"19km E of Little Lake, CA",earthquake,0.18,0.48,0.142,5,automatic,ci,ci
2019-08-17T10:19:43.730Z,35.6168333,-117.6676667,2.55,0.75,ml,7,230,0.2636,0.26,ci,ci38978304,2019-08-17T10:23:23.320Z,"1km ESE of Ridgecrest, CA",earthquake,4.37,31.61,0.198,6,automatic,ci,ci
2019-08-17T10:17:24.520Z,63.4792,-147.4955,0.2,1.8,ml,,,,1.02,ak,ak019aiw4i77,2019-08-17T10:25:05.659Z,"73km E of Cantwell, Alaska",earthquake,,0.4,,,automatic,ak,ak
2019-08-17T10:16:18.790Z,35.9196667,-117.6926667,8.03,0.91,ml,15,57,0.0444,0.13,ci,ci38978296,2019-08-17T10:20:04.231Z,"19km E of Little Lake, CA",earthquake,0.27,0.58,0.117,10,automatic,ci,ci
2019-08-17T10:07:47.810Z,35.6456667,-117.5011667,5.68,0.86,ml,17,87,0.04646,0.21,ci,ci38978288,2019-08-17T10:11:30.609Z,"16km E of Ridgecrest, CA",earthquake,0.46,0.89,0.099,9,automatic,ci,ci
2019-08-17T10:03:23.024Z,68.7382,-147.5987,0,1.7,ml,,,,1.16,ak,ak019aiw1i26,2019-08-17T10:06:31.051Z,"108km NW of Arctic Village, Alaska",earthquake,,0.3,,,automatic,ak,ak
2019-08-17T09:58:59.770Z,35.8523333,-117.7131667,5.61,0.86,ml,10,83,0.06061,0.16,ci,ci38978280,2019-08-17T10:02:42.605Z,"20km ESE of Little Lake, CA",earthquake,0.46,1.01,0.118,6,automatic,ci,ci
2019-08-17T09:56:35.468Z,38.0456,-97.9669,5,2.8,mb_lg,,191,0.696,0.26,us,us600056dt,2019-08-17T13:27:22.349Z,"3km WSW of Hutchinson, Kansas",earthquake,1.9,2,0.051,102,reviewed,us,us
2019-08-17T09:47:47.810Z,36.091,-117.8258333,0.6,0.79,ml,10,176,0.03544,0.13,ci,ci38978264,2019-08-17T09:51:28.567Z,"12km ENE of Coso Junction, CA",earthquake,0.65,0.53,0.117,6,automatic,ci,ci
2019-08-17T09:46:43.040Z,19.0428333,-156.1781616,16.27,3.12,ml,58,282,0.3653,0.28,hv,hv71091507,2019-08-17T11:10:10.639Z,"43km W of Hawaiian Ocean View, Hawaii",earthquake,1.07,25.9,3.14,23,automatic,hv,hv
2019-08-17T09:44:52.829Z,60.0267,-140.7338,20.4,1.4,ml,,,,0.46,ak,ak019aivox42,2019-08-17T09:47:17.124Z,"77km NW of Yakutat, Alaska",earthquake,,0.6,,,automatic,ak,ak
2019-08-17T09:44:42.210Z,35.89,-117.7236667,9.14,0.43,ml,8,105,0.08293,0.09,ci,ci38978256,2019-08-17T09:48:12.538Z,"17km ESE of Little Lake, CA",earthquake,0.29,0.93,0.069,4,automatic,ci,ci
2019-08-17T09:38:36.990Z,35.6215,-117.4693333,7.71,1.01,ml,21,58,0.02896,0.24,ci,ci38978248,2019-08-17T09:42:05.279Z,"17km SSW of Searles Valley, CA",earthquake,0.43,0.69,0.13,13,automatic,ci,ci
2019-08-17T09:36:40.050Z,35.8118333,-117.6438333,3.71,1.03,ml,21,57,0.03785,0.14,ci,ci38978240,2019-08-17T09:40:19.500Z,"21km N of Ridgecrest, CA",earthquake,0.23,0.47,0.128,14,automatic,ci,ci
2019-08-17T09:33:27.348Z,61.9409,-151.7983,107.7,2,ml,,,,0.48,ak,ak019aivmi96,2019-08-17T09:38:35.102Z,"95km WNW of Willow, Alaska",earthquake,,0.7,,,automatic,ak,ak
2019-08-17T09:31:23.960Z,35.7696667,-117.5825,7.23,0.98,ml,24,112,0.04757,0.18,ci,ci38978232,2019-08-17T09:34:58.892Z,"16km W of Searles Valley, CA",earthquake,0.31,0.58,0.105,13,automatic,ci,ci
2019-08-17T09:28:42.970Z,35.9615,-117.4043333,2.39,1.28,ml,16,151,0.1183,0.14,ci,ci38978224,2019-08-17T09:32:26.969Z,"22km N of Searles Valley, CA",earthquake,0.33,0.55,0.163,15,automatic,ci,ci
2019-08-17T09:28:26.601Z,60.6753,-151.081,63.7,2,ml,,,,0.3,ak,ak019aivlfnt,2019-08-17T09:31:42.581Z,"11km E of Nikiski, Alaska",earthquake,,1,,,automatic,ak,ak
2019-08-17T09:25:18.890Z,68.9009,-146.715,0.3,1.8,ml,,,,0.86,ak,ak019aivkrw1,2019-08-17T09:38:34.669Z,"98km NNW of Arctic Village, Alaska",earthquake,,0.4,,,automatic,ak,ak
2019-08-17T09:25:18.642Z,59.7889,-153.2362,110.8,2,ml,,,,0.44,ak,ak019aivkrvg,2019-08-17T09:31:41.746Z,"78km W of Anchor Point, Alaska",earthquake,,0.6,,,automatic,ak,ak
2019-08-17T09:25:16.860Z,36.0706667,-117.8355,1.53,0.87,ml,8,113,0.04937,0.1,ci,ci38978216,2019-08-17T09:28:49.423Z,"10km ENE of Coso Junction, CA",earthquake,0.41,0.41,0.238,8,automatic,ci,ci
2019-08-17T09:18:21.273Z,-30.024,-71.6758,28.58,4.3,mwr,,150,0.393,0.54,us,us600056dc,2019-08-17T09:42:20.040Z,"32km WSW of Coquimbo, Chile",earthquake,4.1,5.4,0.037,69,reviewed,us,us
2019-08-17T09:18:13.800Z,38.418,-115.8618,0,1.9,ml,14,151.82,0.763,0.35,nn,nn00700067,2019-08-17T09:21:43.861Z,"49km SW of Currant, Nevada",earthquake,,12.7,,,automatic,nn,nn
2019-08-17T09:16:17.300Z,35.6023333,-117.4753333,2.93,1.36,ml,20,61,0.0144,0.19,ci,ci38978208,2019-08-17T09:20:00.367Z,"18km E of Ridgecrest, CA",earthquake,0.27,0.27,0.112,18,automatic,ci,ci
2019-08-17T09:15:58.770Z,35.6768333,-117.497,10.88,1.12,ml,16,119,0.06083,0.18,ci,ci38978200,2019-08-17T09:19:35.365Z,"13km SW of Searles Valley, CA",earthquake,0.53,0.69,0.181,13,automatic,ci,ci
2019-08-17T09:13:17.134Z,36.89445877,-97.21452332,10,1.77,ml,10,244.5282288,0.133844376,1.298867121,ok,ok2019qbgy,2019-08-17T09:14:59.266Z,"11km NNE of Blackwell, Oklahoma",earthquake,,0,,7,automatic,ok,ok
2019-08-17T09:13:08.350Z,35.6461667,-117.4628333,2.44,1.56,ml,21,61,0.03707,0.13,ci,ci38978192,2019-08-17T09:16:57.348Z,"14km SSW of Searles Valley, CA",earthquake,0.23,0.33,0.115,23,automatic,ci,ci
2019-08-17T09:10:10.240Z,36.0856667,-117.8453333,1.27,1.19,ml,12,141,0.03277,0.15,ci,ci38978184,2019-08-17T09:13:53.333Z,"10km ENE of Coso Junction, CA",earthquake,0.75,0.58,0.166,15,automatic,ci,ci
2019-08-17T09:07:38.062Z,59.3847,-153.0391,80.4,2,ml,,,,0.48,ak,ak019aivgygr,2019-08-17T09:17:37.099Z,"81km WSW of Anchor Point, Alaska",earthquake,,0.4,,,automatic,ak,ak
2019-08-17T09:04:17.490Z,35.7738333,-117.5865,6.46,0.96,ml,17,130,0.04276,0.18,ci,ci38978176,2019-08-17T09:07:58.390Z,"16km W of Searles Valley, CA",earthquake,0.39,0.85,0.117,12,automatic,ci,ci
2019-08-17T09:00:36.290Z,35.7811667,-117.6033333,6.9,0.74,ml,10,108,0.03482,0.18,ci,ci38978168,2019-08-17T09:04:11.229Z,"18km W of Searles Valley, CA",earthquake,0.5,0.95,0.196,7,automatic,ci,ci
2019-08-17T09:00:20.940Z,17.9773,-65.4615,16,2.32,md,3,335,0.4209,0.22,pr,pr2019229005,2019-08-17T14:19:43.616Z,"13km S of Esperanza, Puerto Rico",earthquake,3.01,1.65,0,1,reviewed,pr,pr
2019-08-17T08:51:32.220Z,35.6433333,-117.4446667,8.55,1.03,ml,16,74,0.02765,0.17,ci,ci38978160,2019-08-17T08:55:10.231Z,"14km SSW of Searles Valley, CA",earthquake,0.4,0.61,0.168,8,automatic,ci,ci
2019-08-17T08:51:07.182Z,-5.9329,102.2613,10,4.5,mb,,98,1.708,1.04,us,us600056d8,2019-08-17T12:04:36.040Z,"193km WSW of Kuripan, Indonesia",earthquake,5.4,1.9,0.128,18,reviewed,us,us
2019-08-17T08:45:37.770Z,35.9501667,-117.7086667,4.76,0.54,ml,7,127,0.04735,0.09,ci,ci38978152,2019-08-17T08:49:12.200Z,"18km E of Little Lake, CA",earthquake,0.48,0.5,0.152,5,automatic,ci,ci
2019-08-17T08:45:36.993Z,68.9726,-146.0072,2.8,1.6,ml,,,,0.56,ak,ak019aiv3nzy,2019-08-17T08:49:00.553Z,"96km NNW of Arctic Village, Alaska",earthquake,,0.4,,,automatic,ak,ak
2019-08-17T08:40:08.038Z,-11.5308,166.3122,69.03,4.6,mb,,67,3.988,0.62,us,us600056d6,2019-08-17T08:57:48.040Z,"104km SSE of Lata, Solomon Islands",earthquake,9.5,6.4,0.1,30,reviewed,us,us
2019-08-17T08:38:53.690Z,35.6078333,-117.47,9.84,1.17,ml,16,63,0.02022,0.17,ci,ci38978144,2019-08-17T08:42:34.165Z,"19km E of Ridgecrest, CA",earthquake,0.43,0.5,0.214,14,automatic,ci,ci
2019-08-17T08:34:20.600Z,38.8146667,-122.8198318,2.4,0.94,md,22,51,,0.04,nc,nc73252420,2019-08-17T08:49:02.993Z,"7km NW of The Geysers, CA",earthquake,0.23,0.39,0.1,6,automatic,nc,nc
2019-08-17T08:28:04.030Z,33.2863333,-116.0876667,1.15,1.09,ml,46,48,0.1466,0.27,ci,ci38978128,2019-08-17T08:31:34.088Z,"12km W of Salton City, CA",earthquake,0.31,0.87,0.142,25,automatic,ci,ci
2019-08-17T08:25:45.250Z,35.6831667,-117.5545,9.05,1.1,ml,17,107,0.06214,0.18,ci,ci38978120,2019-08-17T08:29:18.077Z,"13km ENE of Ridgecrest, CA",earthquake,0.36,0.83,0.159,10,automatic,ci,ci
2019-08-17T08:21:46.180Z,38.8123322,-122.7969971,3.55,0.56,md,20,44,,0.03,nc,nc73252415,2019-08-17T08:36:02.820Z,"5km NW of The Geysers, CA",earthquake,0.26,0.65,0.03,4,automatic,nc,nc
2019-08-17T08:19:55.420Z,35.7105,-117.5518333,7.6,1.31,ml,24,105,0.08938,0.17,ci,ci38978112,2019-08-17T08:23:40.759Z,"15km WSW of Searles Valley, CA",earthquake,0.28,0.91,0.157,18,automatic,ci,ci
2019-08-17T08:14:38.730Z,35.6645,-117.4548333,8.86,0.93,ml,18,92,0.02537,0.17,ci,ci38978104,2019-08-17T08:18:23.725Z,"12km SSW of Searles Valley, CA",earthquake,0.41,0.61,0.187,12,automatic,ci,ci
2019-08-17T08:14:07.207Z,63.6615,-147.5983,82,1.9,ml,,,,0.49,ak,ak019aiuwyj0,2019-08-17T08:18:44.359Z,"70km ESE of Healy, Alaska",earthquake,,0.6,,,automatic,ak,ak
2019-08-17T08:11:17.420Z,35.8945,-117.6763333,4.45,0.57,ml,9,85,0.0573,0.1,ci,ci38978096,2019-08-17T08:14:48.536Z,"21km ESE of Little Lake, CA",earthquake,0.22,0.53,0.123,6,automatic,ci,ci
2019-08-17T08:07:38.850Z,35.6111667,-117.4546667,7.48,0.76,ml,18,74,0.02537,0.18,ci,ci38978088,2019-08-17T08:11:20.677Z,"18km SSW of Searles Valley, CA",earthquake,0.36,0.53,0.131,6,automatic,ci,ci
2019-08-17T08:05:36.490Z,35.918,-117.6946667,7.95,0.92,ml,14,58,0.04671,0.12,ci,ci38978080,2019-08-17T08:09:14.804Z,"19km E of Little Lake, CA",earthquake,0.25,0.71,0.148,10,automatic,ci,ci
2019-08-17T08:03:45.090Z,35.8855,-117.6845,4.21,1.42,ml,23,79,0.06815,0.16,ci,ci38978072,2019-08-17T08:07:19.577Z,"21km ESE of Little Lake, CA",earthquake,0.23,0.5,0.156,21,automatic,ci,ci
2019-08-17T08:03:34.510Z,35.8936667,-117.5633333,22.71,0.64,ml,8,180,0.08257,0.21,ci,ci38978064,2019-08-17T08:07:18.577Z,"20km NW of Searles Valley, CA",earthquake,2.15,3.24,0.148,5,automatic,ci,ci
2019-08-17T07:57:28.065Z,62.395,-148.5437,14.4,1.7,ml,,,,0.76,ak,ak019aiuksbb,2019-08-17T08:01:50.457Z,"68km NNE of Sutton-Alpine, Alaska",earthquake,,0.3,,,automatic,ak,ak
2019-08-17T07:52:05.270Z,35.7548333,-117.585,2.27,0.75,ml,16,110,0.06162,0.24,ci,ci38978040,2019-08-17T07:55:37.625Z,"16km W of Searles Valley, CA",earthquake,0.42,0.61,0.157,7,automatic,ci,ci
2019-08-17T07:47:05.150Z,36.054,-117.6006667,29.2,0.98,ml,8,127,0.1133,0.27,ci,ci38978032,2019-08-17T07:50:40.478Z,"30km ENE of Little Lake, CA",earthquake,2.36,2.64,0.161,5,automatic,ci,ci
2019-08-17T07:46:02.870Z,35.6983333,-117.5565,2.7,0.83,ml,12,145,0.07682,0.3,ci,ci38978024,2019-08-17T07:49:48.802Z,"14km NE of Ridgecrest, CA",earthquake,0.89,1.01,0.104,6,automatic,ci,ci
2019-08-17T07:44:39.210Z,35.7206667,-117.5631667,1.44,1.66,ml,24,67,0.09853,0.17,ci,ci38978016,2019-08-17T07:48:28.470Z,"15km NE of Ridgecrest, CA",earthquake,0.27,0.43,0.114,26,automatic,ci,ci
2019-08-17T07:43:21.270Z,35.747,-117.5578333,1.97,1.39,ml,20,135,0.0758,0.19,ci,ci38978008,2019-08-17T07:47:05.464Z,"14km W of Searles Valley, CA",earthquake,0.3,0.44,0.119,18,automatic,ci,ci
2019-08-17T07:41:20.030Z,35.8675,-117.7088333,2.52,0.77,ml,11,68,0.07438,0.12,ci,ci38978000,2019-08-17T07:44:49.449Z,"19km ESE of Little Lake, CA",earthquake,0.24,0.43,0.196,7,automatic,ci,ci
2019-08-17T07:39:15.160Z,35.8785,-117.7026667,10.3,0.4,ml,8,92,0.08123,0.24,ci,ci38977992,2019-08-17T07:42:43.439Z,"20km ESE of Little Lake, CA",earthquake,0.81,2.61,0.077,3,automatic,ci,ci
2019-08-17T07:38:37.924Z,68.7678,-147.1245,10.8,1.6,ml,,,,0.62,ak,ak019aiugqiq,2019-08-17T07:46:56.815Z,"96km NW of Arctic Village, Alaska",earthquake,,0.7,,,automatic,ak,ak
2019-08-17T07:35:15.869Z,66.3113,-157.1921,0.8,1.7,ml,,,,0.59,ak,ak019aiug1lt,2019-08-17T07:39:34.620Z,"67km SSW of Kobuk, Alaska",earthquake,,0.3,,,automatic,ak,ak
2019-08-17T07:34:26.500Z,35.9031667,-117.6898333,1.78,1.34,ml,15,68,0.05494,0.15,ci,ci38977984,2019-08-17T07:38:09.094Z,"20km E of Little Lake, CA",earthquake,0.22,0.41,0.157,17,automatic,ci,ci
2019-08-17T07:32:44.320Z,35.7778333,-117.5716667,11.81,1,ml,11,136,0.04327,0.24,ci,ci38977976,2019-08-17T07:36:22.453Z,"15km W of Searles Valley, CA",earthquake,0.73,1.19,0.154,9,automatic,ci,ci
2019-08-17T07:27:26.096Z,69.1187,-146.9719,0,2,ml,,,,0.77,ak,ak019aiueco1,2019-08-17T07:33:12.686Z,"125km NNW of Arctic Village, Alaska",earthquake,,0.4,,,automatic,ak,ak
2019-08-17T07:22:07.650Z,32.6125,-115.575,6.35,1.55,ml,14,188,0.08986,0.27,ci,ci38977960,2019-08-17T07:25:58.336Z,"4km NNE of Progreso, B.C., MX",earthquake,0.93,2.64,0.212,25,automatic,ci,ci
2019-08-17T07:21:40.810Z,38.8156662,-122.8293304,2.25,0.56,md,5,123,0.006789,0.02,nc,nc73252390,2019-08-17T07:36:08.147Z,"8km NW of The Geysers, CA",earthquake,0.88,1.4,,1,automatic,nc,nc
2019-08-17T07:20:32.040Z,35.6451667,-117.5483333,8.08,1.51,ml,22,72,0.02862,0.16,ci,ci38977952,2019-08-17T07:31:44.760Z,"12km ENE of Ridgecrest, CA",earthquake,0.28,0.61,0.181,22,automatic,ci,ci
2019-08-17T07:18:14.010Z,35.6795,-117.4671667,0.41,1.05,ml,17,113,0.0382,0.27,ci,ci38977944,2019-08-17T07:22:14.054Z,"11km SSW of Searles Valley, CA",earthquake,0.49,31.61,0.097,13,automatic,ci,ci
2019-08-17T07:18:07.190Z,46.8224,152.6137,53.57,4.7,mb,,172,7.093,0.48,us,us600056cz,2019-08-17T08:10:25.040Z,Kuril Islands,earthquake,12.7,10.5,0.108,26,reviewed,us,us
2019-08-17T07:13:38.910Z,19.133667,-155.4591675,33.66,1.91,md,37,178,0.09913,0.18,hv,hv71091272,2019-08-17T07:17:00.510Z,"8km SSE of Pahala, Hawaii",earthquake,0.68,0.84,0.05,3,automatic,hv,hv
2019-08-17T07:10:58.626Z,66.3006,-157.3032,0.4,1.4,ml,,,,0.87,ak,ak019aiuas06,2019-08-17T07:14:18.260Z,"70km SSW of Kobuk, Alaska",earthquake,,0.7,,,automatic,ak,ak
2019-08-17T07:07:40.920Z,35.7821667,-117.6153333,9.23,1.29,ml,23,102,0.0365,0.15,ci,ci38977936,2019-08-17T07:11:24.933Z,"19km NNE of Ridgecrest, CA",earthquake,0.23,0.59,0.126,15,automatic,ci,ci
2019-08-17T07:06:14.020Z,17.9046,-66.5971,13,1.69,md,11,197,0.1385,0.09,pr,pr2019229003,2019-08-17T14:18:37.256Z,"11km S of Ponce, Puerto Rico",earthquake,0.33,0.39,0.44,5,reviewed,pr,pr
2019-08-17T07:04:51.840Z,35.637,-117.5901667,9.07,0.87,ml,15,105,0.02274,0.17,ci,ci38977928,2019-08-17T07:08:38.001Z,"8km ENE of Ridgecrest, CA",earthquake,0.51,0.84,0.1,11,automatic,ci,ci
2019-08-17T07:01:29.270Z,35.9403333,-117.7015,2.51,2.3,ml,32,41,0.04216,0.16,ci,ci38977920,2019-08-17T07:12:36.640Z,"18km E of Little Lake, CA",earthquake,0.17,0.3,0.189,25,automatic,ci,ci
2019-08-17T06:53:21.480Z,35.6706667,-117.4783333,1.16,1.89,ml,28,61,0.04484,0.17,ci,ci38977912,2019-08-17T07:04:31.860Z,"13km SSW of Searles Valley, CA",earthquake,0.23,0.42,0.134,26,automatic,ci,ci
2019-08-17T06:47:53.100Z,35.905,-117.6976667,0.7,0.47,ml,8,101,0.05749,0.21,ci,ci38977904,2019-08-17T06:51:30.114Z,"19km E of Little Lake, CA",earthquake,0.42,1.05,0.174,6,automatic,ci,ci
2019-08-17T06:45:54.260Z,37.7553329,-122.5698318,10.25,1.27,md,7,205,0.0851,0.01,nc,nc73252375,2019-08-17T10:50:02.913Z,"6km WNW of San Francisco Zoo, CA",earthquake,0.87,1.36,0.14,6,automatic,nc,nc
2019-08-17T06:42:43.108Z,60.0063,-152.2288,70.8,1.7,ml,,,,0.61,ak,ak019aitw647,2019-08-17T06:49:33.292Z,"33km NW of Anchor Point, Alaska",earthquake,,0.6,,,automatic,ak,ak
2019-08-17T06:38:18.850Z,35.6305,-117.4245,3.49,1.07,ml,16,109,0.03455,0.22,ci,ci38977888,2019-08-17T06:41:55.563Z,"15km S of Searles Valley, CA",earthquake,0.38,0.91,0.136,13,automatic,ci,ci
2019-08-17T06:37:04.850Z,35.6763333,-117.4725,0.86,1.22,ml,22,107,0.04129,0.18,ci,ci38977880,2019-08-17T06:40:46.047Z,"12km SSW of Searles Valley, CA",earthquake,0.28,0.51,0.203,17,automatic,ci,ci
2019-08-17T06:34:50.860Z,35.9723333,-117.5061667,6.19,0.87,ml,16,145,0.0857,0.12,ci,ci38977872,2019-08-17T06:38:22.435Z,"25km NNW of Searles Valley, CA",earthquake,0.38,0.73,0.272,9,automatic,ci,ci
2019-08-17T06:34:00.970Z,38.8235016,-122.857666,2.35,1.14,md,21,86,,0.04,nc,nc73252370,2019-08-17T10:08:02.597Z,"10km WNW of The Geysers, CA",earthquake,0.23,0.5,0.01,6,automatic,nc,nc
2019-08-17T06:32:22.520Z,35.8585,-117.6663333,10.56,0.7,ml,11,92,0.07034,0.18,ci,ci38977864,2019-08-17T06:36:05.911Z,"23km ESE of Little Lake, CA",earthquake,0.44,0.85,0.165,8,automatic,ci,ci
2019-08-17T06:32:18.500Z,39.0110016,-123.331665,1.83,1.68,md,8,158,0.02698,0.11,nc,nc73252365,2019-08-17T09:40:04.327Z,"3km E of Boonville, CA",earthquake,0.64,1.09,0.15,10,automatic,nc,nc
2019-08-17T06:30:14.440Z,36.0751667,-117.8606667,2.23,0.87,ml,11,139,0.04259,0.11,ci,ci38977856,2019-08-17T06:33:49.887Z,"9km ENE of Coso Junction, CA",earthquake,0.34,0.24,0.145,8,automatic,ci,ci
2019-08-17T06:27:38.850Z,35.676,-117.4716667,1.15,1.85,ml,31,107,0.04055,0.18,ci,ci38977840,2019-08-17T06:38:19.290Z,"12km SSW of Searles Valley, CA",earthquake,0.26,0.42,0.172,26,automatic,ci,ci
2019-08-17T06:24:41.600Z,35.9141667,-117.7101667,2.65,1.13,ml,16,57,0.05906,0.14,ci,ci38977832,2019-08-17T06:28:29.157Z,"18km E of Little Lake, CA",earthquake,0.2,0.35,0.163,17,automatic,ci,ci
2019-08-17T06:21:03.802Z,38.0394,-97.9682,5,2,mb_lg,,190,0.699,0.95,us,us600056cn,2019-08-17T06:56:24.237Z,"2km WNW of South Hutchinson, Kansas",earthquake,2,2,0.161,10,reviewed,us,us
2019-08-17T06:18:50.010Z,36.0781667,-117.872,3.81,1.36,ml,17,149,0.04171,0.21,ci,ci38977816,2019-08-17T06:22:26.251Z,"8km ENE of Coso Junction, CA",earthquake,0.46,0.72,0.231,19,automatic,ci,ci
2019-08-17T06:13:40.920Z,36.0838333,-117.851,0.63,0.72,ml,10,128,0.03382,0.17,ci,ci38977808,2019-08-17T06:17:10.349Z,"10km ENE of Coso Junction, CA",earthquake,0.44,0.51,0.11,5,automatic,ci,ci
2019-08-17T05:57:28.040Z,36.0596667,-117.8576667,2.41,1.34,ml,15,141,0.05784,0.12,ci,ci38977792,2019-08-17T06:01:07.263Z,"8km ENE of Coso Junction, CA",earthquake,0.21,0.22,0.185,19,automatic,ci,ci
2019-08-17T05:56:32.320Z,35.6133333,-117.5856667,7.44,0.96,ml,20,98,0.01605,0.22,ci,ci38977784,2019-08-17T06:00:16.612Z,"8km E of Ridgecrest, CA",earthquake,0.5,1.1,0.071,12,automatic,ci,ci
2019-08-17T05:51:03.670Z,35.3513333,-117.9178333,3.7,0.9,ml,15,87,0.1024,0.19,ci,ci38977768,2019-08-17T05:54:45.222Z,"26km W of Johannesburg, CA",earthquake,0.47,2.41,0.133,11,automatic,ci,ci
2019-08-17T05:41:43.970Z,35.854,-117.6635,9.98,1.09,ml,14,94,0.06582,0.17,ci,ci38977760,2019-08-17T05:45:15.166Z,"24km ESE of Little Lake, CA",earthquake,0.46,0.85,0.119,6,automatic,ci,ci
2019-08-17T05:41:22.200Z,35.8478333,-117.671,10.1,1.26,ml,20,83,0.06776,0.11,ci,ci38977752,2019-08-17T05:45:08.928Z,"23km ESE of Little Lake, CA",earthquake,0.2,0.44,0.208,19,automatic,ci,ci
2019-08-17T05:37:38.540Z,35.9676667,-117.716,10.4,0.9,ml,7,142,0.05678,0.13,ci,ci38977744,2019-08-17T05:41:24.144Z,"18km ENE of Little Lake, CA",earthquake,0.7,1.39,0.167,7,automatic,ci,ci
2019-08-17T05:26:35.439Z,-20.9707,-178.6269,602.51,4.6,mb,,94,4.485,0.86,us,us600056cf,2019-08-17T05:45:05.040Z,"36km SSE of Ndoi Island, Fiji",earthquake,12.8,8.9,0.062,77,reviewed,us,us
2019-08-17T05:23:48.279Z,38.0575,-97.973,5,2.1,mb_lg,,192,0.686,0.25,us,us600056cg,2019-08-17T06:24:11.965Z,"3km W of Hutchinson, Kansas",earthquake,1.6,2,0.208,6,reviewed,us,us
2019-08-17T05:23:31.690Z,35.8406667,-117.43,0.28,1.65,ml,13,255,0.1384,0.18,ci,ci38977712,2019-08-17T05:27:16.512Z,"8km NNW of Searles Valley, CA",earthquake,1.22,31.61,0.217,25,automatic,ci,ci
2019-08-17T05:18:50.040Z,35.8538333,-117.4663333,0.9,0.76,ml,12,163,0.1132,0.19,ci,ci38977696,2019-08-17T05:22:25.028Z,"11km NNW of Searles Valley, CA",earthquake,0.68,1.03,0.152,6,automatic,ci,ci
2019-08-17T05:16:52.700Z,18.634,-65.7536,9,2.77,md,14,288,0.4632,0.3,pr,pr2019229002,2019-08-17T09:47:18.832Z,"24km NNE of Vieques, Puerto Rico",earthquake,1.16,1.3,0.39,14,reviewed,pr,pr
2019-08-17T05:13:34.640Z,35.6211667,-117.4418333,7.3,1.25,ml,17,86,0.04628,0.17,ci,ci38977688,2019-08-17T05:17:11.525Z,"17km SSW of Searles Valley, CA",earthquake,0.42,0.54,0.177,12,automatic,ci,ci
2019-08-17T05:07:39.700Z,35.5191667,-117.4141667,9.21,1.76,ml,24,61,0.0409,0.16,ci,ci38977680,2019-08-17T05:18:53.900Z,"26km NE of Johannesburg, CA",earthquake,0.27,0.52,0.157,27,automatic,ci,ci
2019-08-17T05:03:17.030Z,38.8310013,-122.7829971,1.49,0.56,md,7,79,0.01023,0.03,nc,nc73252345,2019-08-17T05:18:04.062Z,"5km W of Cobb, CA",earthquake,0.47,0.77,,1,automatic,nc,nc
2019-08-17T05:01:52.890Z,35.9298333,-117.6708333,2.68,1.82,ml,24,53,0.02451,0.21,ci,ci38977672,2019-08-17T05:05:43.922Z,"21km E of Little Lake, CA",earthquake,0.32,0.44,0.148,26,automatic,ci,ci
2019-08-17T04:53:53.635Z,68.8433,-147.006,0,2,ml,,,,1.15,ak,ak019aisrolf,2019-08-17T04:57:40.975Z,"99km NW of Arctic Village, Alaska",earthquake,,0.4,,,automatic,ak,ak
2019-08-17T04:53:47.290Z,35.8665,-117.6883333,9.03,1.09,ml,15,79,0.08492,0.17,ci,ci38977664,2019-08-17T04:57:17.447Z,"21km ESE of Little Lake, CA",earthquake,0.33,0.8,0.254,14,automatic,ci,ci
2019-08-17T04:47:50.990Z,35.7735,-117.5775,12.01,0.82,ml,13,113,0.04518,0.21,ci,ci38977656,2019-08-17T04:51:35.820Z,"16km W of Searles Valley, CA",earthquake,0.59,0.9,0.207,8,automatic,ci,ci
2019-08-17T04:42:27.228Z,68.9159,-146.6641,3.2,2.8,ml,,,,0.71,ak,ak019aisp9su,2019-08-17T04:52:39.040Z,"99km NNW of Arctic Village, Alaska",earthquake,,0.3,,,automatic,ak,ak
2019-08-17T04:41:46.170Z,35.8813333,-117.689,1.7,0.79,ml,13,79,0.07345,0.17,ci,ci38977640,2019-08-17T04:45:27.776Z,"20km ESE of Little Lake, CA",earthquake,0.29,0.5,0.152,6,automatic,ci,ci
2019-08-17T04:31:42.250Z,38.6829987,-122.7828369,5.18,1.75,md,25,93,,0.06,nc,nc73252340,2019-08-17T08:00:03.292Z,"11km SSW of The Geysers, CA",earthquake,0.3,0.61,0.15,11,automatic,nc,nc
2019-08-17T04:28:06.860Z,35.9835,-117.3605,2.61,1.28,ml,19,75,0.1116,0.16,ci,ci38977608,2019-08-17T04:31:36.727Z,"24km N of Searles Valley, CA",earthquake,0.37,1.05,0.118,13,automatic,ci,ci
2019-08-17T04:27:00.220Z,35.6771667,-117.4666667,1,1.2,ml,18,74,0.03701,0.2,ci,ci38977600,2019-08-17T04:30:35.368Z,"12km SSW of Searles Valley, CA",earthquake,0.3,0.54,0.182,16,automatic,ci,ci
2019-08-17T04:24:51.150Z,35.8763333,-117.7048333,4.43,0.89,ml,11,93,0.08339,0.13,ci,ci38977592,2019-08-17T04:28:35.654Z,"19km ESE of Little Lake, CA",earthquake,0.26,0.55,0.14,11,automatic,ci,ci
2019-08-17T04:23:29.750Z,35.6863333,-117.5105,10.91,1.12,ml,20,122,0.07379,0.21,ci,ci38977584,2019-08-17T04:27:09.646Z,"13km SW of Searles Valley, CA",earthquake,0.45,0.71,0.145,16,automatic,ci,ci
2019-08-17T04:18:02.320Z,35.909,-117.6895,7.46,0.76,ml,13,72,0.05015,0.14,ci,ci38977568,2019-08-17T04:21:44.553Z,"20km E of Little Lake, CA",earthquake,0.33,0.86,0.105,9,automatic,ci,ci
2019-08-17T04:09:50.660Z,35.9066667,-117.728,-0.02,0.85,ml,12,82,0.07525,0.2,ci,ci38977552,2019-08-17T04:13:41.142Z,"16km ESE of Little Lake, CA",earthquake,0.35,31.61,0.142,10,automatic,ci,ci
2019-08-17T04:07:12.620Z,38.8074989,-122.7996674,3.19,0.87,md,12,62,,0.05,nc,nc73252335,2019-08-17T04:47:03.616Z,"5km NW of The Geysers, CA",earthquake,0.58,0.93,0.06,4,automatic,nc,nc
2019-08-17T04:01:24.320Z,18.1731,-66.6473,17,1.75,md,5,156,0.1196,0.12,pr,pr2019229001,2019-08-17T09:46:57.927Z,"7km SW of Jayuya, Puerto Rico",earthquake,0.56,1.24,0.24,3,reviewed,pr,pr
2019-08-17T03:58:23.750Z,36.1563,-117.2213,8.2,0.9,ml,11,246.19,0.347,0.21,nn,nn00700055,2019-08-17T04:30:02.700Z,"46km NNE of Searles Valley, California",earthquake,,18.1,,,automatic,nn,nn
2019-08-17T03:58:11.970Z,38.8115005,-122.82267,1.95,1.28,md,30,48,,0.06,nc,nc73252330,2019-08-17T07:06:02.670Z,"7km WNW of The Geysers, CA",earthquake,0.19,0.32,0.1,8,automatic,nc,nc
2019-08-17T03:53:42.620Z,35.7863333,-117.5593333,13.31,0.8,ml,9,160,0.04271,0.16,ci,ci38977512,2019-08-17T03:57:20.402Z,"14km W of Searles Valley, CA",earthquake,0.71,0.99,0.211,7,automatic,ci,ci
2019-08-17T03:49:18.160Z,33.3906667,-116.4211667,12.13,1.42,ml,51,87,0.1222,0.18,ci,ci38977496,2019-08-17T04:00:29.920Z,"16km NNW of Borrego Springs, CA",earthquake,0.26,0.56,0.157,27,automatic,ci,ci
2019-08-17T03:48:04.230Z,33.2221667,-116.735,12.18,0.42,ml,19,59,0.02422,0.15,ci,ci38977488,2019-08-17T03:51:48.441Z,"3km SE of Lake Henshaw, CA",earthquake,0.34,0.61,0.166,7,automatic,ci,ci
2019-08-17T03:29:43.090Z,35.7456667,-117.5521667,2.31,1.63,ml,26,57,0.07905,0.15,ci,ci38977472,2019-08-17T03:40:23.310Z,"14km W of Searles Valley, CA",earthquake,0.21,0.41,0.164,26,automatic,ci,ci
2019-08-17T03:24:59.671Z,36.84130478,-97.7326889,1.429839611,2.27,ml,33,107.8935509,0.102302998,0.616678768,ok,ok2019qavl,2019-08-17T09:01:55.268Z,"3km N of Medford, Oklahoma",earthquake,2.939837314,1.830323714,,25,automatic,ok,ok
2019-08-17T03:21:26.448Z,68.5373,-147.6413,0,1.7,ml,,,,0.77,ak,ak019airzbz5,2019-08-17T03:25:32.878Z,"98km WNW of Arctic Village, Alaska",earthquake,,0.4,,,automatic,ak,ak
2019-08-17T03:18:59.680Z,38.8110008,-122.8271637,3.02,0.67,md,12,87,,0.06,nc,nc73252315,2019-08-17T03:51:04.306Z,"7km WNW of The Geysers, CA",earthquake,0.42,0.94,0.21,3,automatic,nc,nc
2019-08-17T03:18:55.910Z,35.67,-117.5045,4.32,1.3,ml,27,93,0.06599,0.17,ci,ci38977448,2019-08-17T03:22:42.265Z,"14km SW of Searles Valley, CA",earthquake,0.27,0.66,0.172,18,automatic,ci,ci
2019-08-17T03:18:24.990Z,38.8101654,-122.8221664,2.79,1.13,md,24,56,,0.04,nc,nc73252310,2019-08-17T06:16:03.808Z,"7km WNW of The Geysers, CA",earthquake,0.22,0.45,0.04,7,automatic,nc,nc
2019-08-17T03:17:08.570Z,35.8755,-117.7021667,3.23,1.13,ml,19,72,0.08359,0.21,ci,ci38977440,2019-08-17T03:20:55.702Z,"20km ESE of Little Lake, CA",earthquake,0.33,1.41,0.158,17,automatic,ci,ci
2019-08-17T03:12:15.830Z,35.6658333,-117.5253333,7.68,1.98,ml,30,53,0.0564,0.14,ci,ci38977432,2019-08-17T03:24:13.840Z,"14km ENE of Ridgecrest, CA",earthquake,0.21,0.58,0.192,26,automatic,ci,ci
2019-08-17T03:12:00.280Z,38.8334999,-122.8831635,1.97,0.92,md,20,73,,0.04,nc,nc73252300,2019-08-17T03:31:02.586Z,"12km ENE of Cloverdale, CA",earthquake,0.24,0.38,0.02,5,automatic,nc,nc
2019-08-17T03:10:36.230Z,35.87,-117.685,7.48,1.09,ml,13,82,0.08266,0.18,ci,ci38977424,2019-08-17T03:14:15.576Z,"21km ESE of Little Lake, CA",earthquake,0.46,1.15,0.279,8,automatic,ci,ci
2019-08-17T03:10:02.880Z,35.8456667,-117.6526667,8.37,1.06,ml,11,65,0.05386,0.17,ci,ci38977416,2019-08-17T03:13:48.663Z,"24km WNW of Searles Valley, CA",earthquake,0.44,1.14,0.174,11,automatic,ci,ci
2019-08-17T03:08:06.270Z,35.9768333,-117.3583333,1.63,0.9,ml,11,90,0.2387,0.13,ci,ci38977408,2019-08-17T03:11:57.043Z,"24km N of Searles Valley, CA",earthquake,0.4,1.4,0.187,9,automatic,ci,ci
2019-08-17T03:07:21.120Z,19.4909992,-155.5073395,1.64,2.31,ml,27,79,0.0437,0.2,hv,hv71090857,2019-08-17T03:13:02.360Z,"29km WNW of Volcano, Hawaii",earthquake,0.38,1.24,0.11,3,automatic,hv,hv
2019-08-17T03:06:31.340Z,35.8941667,-117.6478333,6.77,0.66,ml,6,110,0.05366,0.04,ci,ci38977400,2019-08-17T03:10:10.478Z,"24km ESE of Little Lake, CA",earthquake,0.41,0.89,0.1,6,automatic,ci,ci
2019-08-17T03:03:57.640Z,35.9898333,-117.9785,3.69,0.94,ml,13,166,0.07364,0.14,ci,ci38977392,2019-08-17T03:07:41.628Z,"7km SSW of Coso Junction, CA",earthquake,0.45,1.18,0.13,9,automatic,ci,ci
2019-08-17T02:58:02.503Z,63.4658,-150.3301,0.3,1.6,ml,,,,0.83,ak,ak019airlrzy,2019-08-17T03:01:20.544Z,"69km W of Cantwell, Alaska",earthquake,,0.2,,,automatic,ak,ak
2019-08-17T02:57:14.040Z,17.9006,-66.5976,12,2.42,md,17,198,0.1425,0.12,pr,pr2019229000,2019-08-17T03:36:14.040Z,"16km S of Ponce, Puerto Rico",earthquake,0.34,0.39,0.29,16,reviewed,pr,pr
2019-08-17T02:54:36.690Z,38.8051682,-122.8233337,1.92,0.31,md,13,90,,0.05,nc,nc73252295,2019-08-17T03:20:03.313Z,"7km WNW of The Geysers, CA",earthquake,0.37,0.6,0.23,3,automatic,nc,nc
2019-08-17T02:49:18.350Z,35.8981667,-117.7368333,9.27,0.56,ml,9,88,0.08319,0.05,ci,ci38977368,2019-08-17T02:52:49.534Z,"16km ESE of Little Lake, CA",earthquake,0.18,0.69,0.16,4,automatic,ci,ci
2019-08-17T02:42:59.950Z,35.9056667,-117.7446667,8.43,1.52,ml,18,59,0.0736,0.12,ci,ci38977360,2019-08-17T02:46:31.496Z,"15km ESE of Little Lake, CA",earthquake,0.21,0.74,0.174,22,automatic,ci,ci
2019-08-17T02:39:53.010Z,35.8983333,-117.7358333,9.16,0.54,ml,8,113,0.08373,0.05,ci,ci38977352,2019-08-17T02:43:28.385Z,"16km ESE of Little Lake, CA",earthquake,0.2,0.75,0.175,4,automatic,ci,ci
2019-08-17T02:34:26.920Z,35.5633333,-117.4011667,2.81,1.34,ml,22,91,0.04857,0.19,ci,ci38977336,2019-08-17T02:37:56.915Z,"22km S of Trona, CA",earthquake,0.37,0.46,0.221,19,automatic,ci,ci
2019-08-17T02:23:27.850Z,35.7066667,-117.562,10.48,1.38,ml,17,101,0.08464,0.13,ci,ci38977328,2019-08-17T02:27:06.835Z,"14km NE of Ridgecrest, CA",earthquake,0.3,0.66,0.209,20,automatic,ci,ci
2019-08-17T02:22:11.124Z,37.326,20.4248,35,4.5,mb,,153,1.206,0.82,us,us600056b3,2019-08-17T02:41:25.040Z,"56km SW of Mouzaki, Greece",earthquake,7,2,0.164,11,reviewed,us,us
2019-08-17T02:10:23.360Z,36.085,-117.8551667,2.06,2.52,ml,31,53,0.03251,0.17,ci,ci38977304,2019-08-17T02:20:52.410Z,"10km ENE of Coso Junction, CA",earthquake,0.26,0.33,0.217,25,automatic,ci,ci
2019-08-17T02:07:56.110Z,19.1755009,-155.4575043,35.82,2.5,ml,41,135,0.02045,0.16,hv,hv71090777,2019-08-17T02:13:36.610Z,"4km SE of Pahala, Hawaii",earthquake,0.73,1.02,0.28,5,automatic,hv,hv
2019-08-17T02:03:09.180Z,36.0825,-117.9033333,8.16,0.82,ml,8,192,0.0526,0.17,ci,ci38977288,2019-08-17T02:06:42.801Z,"6km NE of Coso Junction, CA",earthquake,0.85,1.31,0.026,3,automatic,ci,ci
2019-08-17T02:00:14.600Z,36.0735,-117.8523333,2.13,1.64,ml,16,118,0.04404,0.13,ci,ci38977272,2019-08-17T02:04:03.678Z,"9km ENE of Coso Junction, CA",earthquake,0.22,0.27,0.26,26,automatic,ci,ci
2019-08-17T01:55:55.070Z,35.6745,-117.4796667,0.4,1.61,ml,22,60,0.04654,0.24,ci,ci38977264,2019-08-17T01:59:57.648Z,"12km SSW of Searles Valley, CA",earthquake,0.36,31.61,0.113,26,automatic,ci,ci
2019-08-17T01:50:41.213Z,69.0454,-146.9101,3.8,1.7,ml,,,,1.04,ak,ak019aiqypr4,2019-08-17T02:00:28.963Z,"116km NNW of Arctic Village, Alaska",earthquake,,0.3,,,automatic,ak,ak
2019-08-17T01:49:59.710Z,35.893,-117.7278333,2.14,0.84,ml,13,60,0.08339,0.21,ci,ci38977256,2019-08-17T01:53:45.606Z,"17km ESE of Little Lake, CA",earthquake,0.36,0.63,0.15,11,automatic,ci,ci
2019-08-17T01:41:06.540Z,19.3316669,-155.4383392,8.76,1.8,md,28,54,0.04397,0.18,hv,hv71090737,2019-08-17T01:44:20.600Z,"14km NNE of Pahala, Hawaii",earthquake,0.45,0.7,0.13,13,automatic,hv,hv
2019-08-17T01:40:28.360Z,36.0723333,-117.8551667,2.48,0.91,ml,11,139,0.04515,0.18,ci,ci38977240,2019-08-17T01:44:01.059Z,"9km ENE of Coso Junction, CA",earthquake,0.46,0.37,0.26,6,automatic,ci,ci
2019-08-17T01:28:55.620Z,35.8285,-117.6408333,6.63,1.13,ml,12,93,0.03744,0.21,ci,ci38977216,2019-08-17T01:32:41.272Z,"22km WNW of Searles Valley, CA",earthquake,0.4,0.91,0.248,12,automatic,ci,ci
2019-08-17T01:17:16.240Z,33.5,-116.7745,2.3,0.64,ml,20,43,0.02487,0.19,ci,ci38977200,2019-08-17T01:20:51.824Z,"10km NE of Aguanga, CA",earthquake,0.26,0.42,0.132,19,automatic,ci,ci
2019-08-17T01:04:36.800Z,36.0845,-117.8528333,4.43,1.01,ml,14,156,0.03305,0.22,ci,ci38977176,2019-08-17T01:08:21.339Z,"10km ENE of Coso Junction, CA",earthquake,0.72,0.63,0.201,12,automatic,ci,ci
2019-08-17T01:03:37.930Z,38.0224,-97.9537,5,3,mb_lg,,66,0.718,0.5,us,us600056at,2019-08-17T14:56:50.067Z,"1km WSW of South Hutchinson, Kansas",earthquake,2.4,1.9,0.044,133,reviewed,us,us
2019-08-17T01:03:29.549Z,67.7265,-164.0048,5.2,1.7,ml,,,,0.55,ak,ak019aiqom62,2019-08-17T01:08:58.487Z,"47km WNW of Noatak, Alaska",earthquake,,0.4,,,automatic,ak,ak
2019-08-17T00:53:18.230Z,35.7948333,-117.4966667,0.26,1.93,ml,18,139,0.08459,0.33,ci,ci38977160,2019-08-17T01:07:12.486Z,"9km WNW of Searles Valley, CA",earthquake,0.91,31.61,0.18,26,automatic,ci,ci
2019-08-17T00:50:36.130Z,19.445,-155.3145,3.23,1.91,ml,27,89,0.0325,0.09,hv,hv71090657,2019-08-17T02:13:41.730Z,"8km W of Volcano, Hawaii",earthquake,0.29,0.56,0.061,8,reviewed,hv,hv
2019-08-17T00:48:39.970Z,36.0746667,-117.8606667,2.41,1.19,ml,12,166,0.04308,0.12,ci,ci38977144,2019-08-17T00:52:24.447Z,"8km ENE of Coso Junction, CA",earthquake,0.33,0.24,0.25,15,automatic,ci,ci
2019-08-17T00:47:06.630Z,45.31616667,-121.7328333,1.11,1.14,ml,4,194,,0.01,uw,uw61545302,2019-08-17T04:14:33.810Z,"19km ESE of Mount Hood Village, Oregon",earthquake,1.25,0.48,0.019171034,2,reviewed,uw,uw
2019-08-17T00:33:05.340Z,35.9108333,-117.7025,16.69,0.72,ml,11,72,0.05619,0.19,ci,ci38977112,2019-08-17T00:36:50.155Z,"19km E of Little Lake, CA",earthquake,0.82,1.45,0.112,5,automatic,ci,ci
2019-08-17T00:31:43.630Z,35.9318333,-117.7083333,2.82,0.95,ml,14,97,0.04969,0.13,ci,ci38977104,2019-08-17T00:35:32.373Z,"18km E of Little Lake, CA",earthquake,0.28,1.03,0.176,10,automatic,ci,ci
2019-08-17T00:25:27.540Z,35.4718,-114.892,0.3,1.6,ml,11,230.35,0.266,0.57,nn,nn00700046,2019-08-17T00:54:56.844Z,"2km ENE of Searchlight, Nevada",earthquake,,23.5,,,automatic,nn,nn
2019-08-17T00:23:42.500Z,34.4055,-117.6846667,5.67,0.84,ml,17,117,0.02401,0.23,ci,ci38977096,2019-08-17T00:27:43.018Z,"5km SW of Pinon Hills, CA",earthquake,0.63,0.81,0.22,17,automatic,ci,ci
2019-08-17T00:23:40.690Z,35.9215,-117.7335,7.66,1.03,ml,13,82,0.07242,0.12,ci,ci38977088,2019-08-17T00:27:26.860Z,"16km E of Little Lake, CA",earthquake,0.29,0.91,0.142,9,automatic,ci,ci
2019-08-17T00:19:19.950Z,19.4441667,-155.3193333,2.78,0.85,md,13,120,0.0352,0.08,hv,hv71090582,2019-08-17T05:26:12.700Z,"8km W of Volcano, Hawaii",earthquake,0.38,0.96,0.122,5,reviewed,hv,hv
2019-08-17T00:16:03.220Z,35.8871667,-117.983,3.38,1.67,ml,9,153,0.1419,0.17,ci,ci38977080,2019-08-17T00:20:26.069Z,"9km SW of Little Lake, CA",earthquake,0.72,1.84,0.253,26,automatic,ci,ci
2019-08-17T00:09:25.248Z,-35.3088,-71.1552,109.91,4.1,mb,,67,0.501,0.37,us,us600056ai,2019-08-17T03:39:32.040Z,"24km SSE of Molina, Chile",earthquake,6.8,5.8,0.303,3,reviewed,us,us
2019-08-17T00:04:57.430Z,19.4193325,-155.2766724,-0.65,1.88,ml,15,74,0.005467,0.11,hv,hv71090572,2019-08-17T00:10:38.550Z,"4km WSW of Volcano, Hawaii",earthquake,0.14,0.26,0.3,5,automatic,hv,hv
2019-08-16T23:57:32.400Z,38.7779999,-122.7419968,1.12,0.9,md,12,93,,0.03,nc,nc73252260,2019-08-17T00:42:03.224Z,"1km E of The Geysers, CA",earthquake,0.32,0.35,0.14,4,automatic,nc,nc
2019-08-16T23:57:19.790Z,33.4938333,-116.8073333,4.71,0.42,ml,13,88,0.09229,0.07,ci,ci38977072,2019-08-17T00:01:06.951Z,"8km NE of Aguanga, CA",earthquake,0.2,1.14,0.08,11,automatic,ci,ci
2019-08-16T23:57:04.250Z,38.7736664,-122.6880035,4.63,1.01,md,11,117,0.01038,0.04,nc,nc73252255,2019-08-17T00:32:03.034Z,"0km ESE of Anderson Springs, CA",earthquake,0.48,0.73,0.09,3,automatic,nc,nc
2019-08-16T23:55:38.870Z,19.4446667,-155.3218333,2.32,1.84,ml,15,126,0.03733,0.05,hv,hv71090552,2019-08-17T06:02:33.610Z,"8km W of Volcano, Hawaii",earthquake,0.39,0.7,0.11,5,reviewed,hv,hv
2019-08-16T23:52:09.910Z,35.9231667,-117.7281667,8.87,0.71,ml,13,52,0.06778,0.1,ci,ci38977064,2019-08-17T00:10:10.260Z,"16km E of Little Lake, CA",earthquake,0.2,0.54,0.198,7,reviewed,ci,ci
2019-08-16T23:48:41.130Z,36.0788333,-117.8668333,1.44,1.98,ml,20,55,0.03986,0.15,ci,ci38977056,2019-08-16T23:52:32.897Z,"8km ENE of Coso Junction, CA",earthquake,0.23,0.34,0.182,25,automatic,ci,ci
2019-08-16T23:47:21.619Z,64.3672,-147.4932,5.9,1.3,ml,,,,0.34,ak,ak019ahgi7tv,2019-08-16T23:52:22.789Z,"33km WSW of Salcha, Alaska",earthquake,,0.5,,,automatic,ak,ak
2019-08-16T23:46:55.020Z,36.1215,-117.8873333,4.4,1.01,ml,8,246,0.02658,0.13,ci,ci38977040,2019-08-16T23:50:26.885Z,"10km NNE of Coso Junction, CA",earthquake,0.66,0.4,0.228,12,automatic,ci,ci
2019-08-16T23:45:12.340Z,38.8264999,-122.8519974,2.44,0.19,md,8,110,,0.03,nc,nc73252250,2019-08-17T00:21:03.593Z,"10km WNW of The Geysers, CA",earthquake,0.43,0.65,0.16,3,automatic,nc,nc
2019-08-16T23:33:16.720Z,36.1251667,-117.6528333,7.69,1.08,ml,12,126,0.06838,0.29,ci,ci38977008,2019-08-16T23:37:01.838Z,"28km ENE of Coso Junction, CA",earthquake,0.75,2.35,0.252,9,automatic,ci,ci
2019-08-16T23:30:30.203Z,60.1936,-152.5395,82.3,1.5,ml,,,,0.28,ak,ak019ahgelbg,2019-08-16T23:41:30.025Z,"34km SSE of Redoubt Volcano, Alaska",earthquake,,0.8,,,automatic,ak,ak
2019-08-16T23:30:07.528Z,-26.6848,-175.6949,10,5.2,mb,,115,3.226,0.67,us,us600056a2,2019-08-17T00:19:23.040Z,South of Tonga,earthquake,8.3,1.8,0.052,121,reviewed,us,us
2019-08-16T23:28:46.930Z,35.9226667,-117.9573333,0.08,1.76,ml,14,186,0.09041,0.23,ci,ci38977000,2019-08-16T23:32:50.777Z,"5km WSW of Little Lake, CA",earthquake,1.01,31.61,0.232,25,automatic,ci,ci
2019-08-16T23:26:04.770Z,35.9235,-117.6803333,1.99,0.94,ml,12,79,0.03441,0.18,ci,ci38976984,2019-08-16T23:29:42.526Z,"20km E of Little Lake, CA",earthquake,0.31,0.66,0.159,13,automatic,ci,ci
2019-08-16T23:16:59.877Z,64.9705,-147.4053,1.1,1.6,ml,,,,0.98,ak,ak019ahgbnkj,2019-08-16T23:26:15.582Z,"19km NNE of Badger, Alaska",earthquake,,3.6,,,automatic,ak,ak
2019-08-16T22:59:00.708Z,61.38,-149.9696,31.2,2.2,ml,,,,0.6,ak,ak019ahfzb6y,2019-08-16T23:03:49.658Z,"15km S of Big Lake, Alaska",earthquake,,0.3,,,automatic,ak,ak
2019-08-16T22:57:27.930Z,36.0755,-117.8625,2.67,2.01,ml,24,95,0.04245,0.13,ci,ci38976944,2019-08-16T23:01:20.568Z,"8km ENE of Coso Junction, CA",earthquake,0.22,0.71,0.294,26,automatic,ci,ci
2019-08-16T22:51:07.980Z,35.8093333,-117.6513333,0.81,1.41,ml,9,99,0.04421,0.17,ci,ci38976936,2019-08-16T22:54:43.900Z,"21km N of Ridgecrest, CA",earthquake,0.39,0.81,0.154,22,automatic,ci,ci
2019-08-16T22:48:03.390Z,19.4455,-155.3178333,2.2,1.72,ml,20,123,0.03506,0.09,hv,hv71090457,2019-08-17T05:51:26.360Z,"8km W of Volcano, Hawaii",earthquake,0.34,0.65,0.106,6,reviewed,hv,hv
2019-08-16T22:44:27.140Z,32.575,-115.6555,9.78,1.7,ml,15,106,0.09525,0.23,ci,ci38976912,2019-08-16T22:48:10.964Z,"7km W of Progreso, B.C., MX",earthquake,0.69,1.22,0.322,23,automatic,ci,ci
2019-08-16T22:41:16.660Z,35.8573333,-117.6931667,4.1,0.64,ml,10,75,0.07592,0.13,ci,ci38976896,2019-08-16T22:44:58.472Z,"21km ESE of Little Lake, CA",earthquake,0.33,0.84,0.192,7,automatic,ci,ci
2019-08-16T22:33:14.610Z,38.7583351,-122.7273331,2.37,0.55,md,10,111,,0.03,nc,nc73252230,2019-08-16T23:18:03.869Z,"3km SE of The Geysers, CA",earthquake,0.44,0.71,0.05,2,automatic,nc,nc
2019-08-16T22:31:33.980Z,35.678,-117.5218333,6.06,1.52,ml,23,112,0.06783,0.18,ci,ci38976888,2019-08-16T22:35:31.429Z,"15km SW of Searles Valley, CA",earthquake,0.32,0.94,0.164,23,automatic,ci,ci
2019-08-16T22:30:19.353Z,66.2041,-157.19,5.9,1.2,ml,,,,0.9,ak,ak019ahft4vj,2019-08-16T22:33:23.325Z,"79km S of Kobuk, Alaska",earthquake,,0.5,,,automatic,ak,ak
2019-08-16T22:29:37.540Z,35.8071667,-117.6401667,1.11,1.5,ml,12,70,0.03571,0.14,ci,ci38976880,2019-08-16T22:33:25.419Z,"21km N of Ridgecrest, CA",earthquake,0.28,0.4,0.143,26,automatic,ci,ci
2019-08-16T22:26:56.010Z,35.6393333,-117.4898333,0.34,1.55,ml,21,42,0.03969,0.33,ci,ci38976856,2019-08-16T22:30:49.986Z,"16km SSW of Searles Valley, CA",earthquake,0.5,31.61,0.124,25,automatic,ci,ci
2019-08-16T22:26:10.490Z,33.3663333,-116.3595,14.28,0.79,ml,16,117,0.1697,0.23,ci,ci38976848,2019-08-16T22:29:58.426Z,"12km N of Borrego Springs, CA",earthquake,0.53,1.21,0.183,15,automatic,ci,ci
2019-08-16T22:24:53.960Z,38.8286667,-122.8519974,1.94,0.38,md,9,88,0.00397,0.01,nc,nc73252225,2019-08-16T22:31:03.734Z,"10km NW of The Geysers, CA",earthquake,0.34,0.55,0.23,2,automatic,nc,nc
2019-08-16T22:15:34.260Z,33.1411667,-115.6088333,6.24,1.39,ml,19,59,0.03128,0.21,ci,ci38976840,2019-08-16T22:19:07.992Z,"9km W of Calipatria, CA",earthquake,0.4,0.73,0.239,27,automatic,ci,ci
2019-08-16T22:15:11.900Z,35.9178333,-117.715,1.97,0.84,ml,12,72,0.06042,0.19,ci,ci38976832,2019-08-16T22:18:56.905Z,"17km E of Little Lake, CA",earthquake,0.32,0.7,0.158,9,automatic,ci,ci
2019-08-16T22:13:41.150Z,35.7376667,-117.5668333,10.67,1,ml,15,131,0.0818,0.29,ci,ci38976816,2019-08-16T22:17:20.898Z,"15km WSW of Searles Valley, CA",earthquake,0.72,1.42,0.13,11,automatic,ci,ci
2019-08-16T22:06:38.980Z,36.0785,-117.8703333,4.81,0.91,ml,9,138,0.04096,0.08,ci,ci38976800,2019-08-16T22:10:22.858Z,"8km ENE of Coso Junction, CA",earthquake,0.26,0.58,0.26,8,automatic,ci,ci
2019-08-16T21:52:09.280Z,35.889,-117.6748333,4.09,0.91,ml,13,88,0.06204,0.13,ci,ci38976792,2019-08-16T21:55:42.088Z,"22km ESE of Little Lake, CA",earthquake,0.29,0.77,0.1,10,automatic,ci,ci
2019-08-16T21:50:35.820Z,35.8998333,-117.6773333,2.29,1.16,ml,12,75,0.05272,0.13,ci,ci38976784,2019-08-16T21:54:09.835Z,"21km E of Little Lake, CA",earthquake,0.22,0.32,0.177,18,automatic,ci,ci
2019-08-16T21:49:12.150Z,35.6191667,-117.4455,2.76,1.5,ml,26,70,0.04311,0.22,ci,ci38976776,2019-08-16T21:52:58.749Z,"17km SSW of Searles Valley, CA",earthquake,0.27,0.41,0.138,23,automatic,ci,ci
2019-08-16T21:48:10.050Z,32.9131667,-116.2458333,10.63,1.7,ml,47,61,0.1499,0.22,ci,ci38976768,2019-08-16T21:58:40.540Z,"28km SSW of Ocotillo Wells, CA",earthquake,0.28,0.73,0.156,27,automatic,ci,ci
2019-08-16T21:47:27.830Z,34.024,-118.3036667,6.96,1.84,ml,30,85,0.01519,0.29,ci,ci38976760,2019-08-16T21:58:24.700Z,"4km SW of MacArthur Park, CA",earthquake,0.41,0.84,0.133,27,automatic,ci,ci
2019-08-16T21:47:24.090Z,35.8888333,-117.7235,2.71,1.06,ml,16,61,0.08365,0.15,ci,ci38976752,2019-08-16T21:51:04.736Z,"17km ESE of Little Lake, CA",earthquake,0.24,0.34,0.137,13,automatic,ci,ci
2019-08-16T21:45:41.090Z,35.9155,-117.709,3.69,0.94,ml,13,73,0.05752,0.1,ci,ci38976744,2019-08-16T21:49:16.288Z,"18km E of Little Lake, CA",earthquake,0.2,0.97,0.157,14,automatic,ci,ci
2019-08-16T21:44:37.402Z,68.7583,-148.1571,0,1.7,ml,,,,0.94,ak,ak019ahfaqok,2019-08-16T21:50:20.254Z,"128km NW of Arctic Village, Alaska",earthquake,,0.3,,,automatic,ak,ak
2019-08-16T21:41:52.243Z,60.1476,-140.8985,16,1.5,ml,,,,0.73,ak,ak019ahfa4oo,2019-08-16T21:46:28.759Z,"85km E of Cape Yakataga, Alaska",earthquake,,0.1,,,automatic,ak,ak
2019-08-16T21:38:48.900Z,35.6676667,-117.6281667,8.96,1.43,ml,20,90,0.06623,0.14,ci,ci38976728,2019-08-16T21:42:31.687Z,"7km NE of Ridgecrest, CA",earthquake,0.23,0.73,0.223,23,automatic,ci,ci
2019-08-16T21:33:36.490Z,35.9863333,-117.685,0.61,2.03,ml,26,62,0.04754,0.23,ci,ci38976720,2019-08-16T21:44:26.370Z,"21km ENE of Little Lake, CA",earthquake,0.28,0.48,0.194,25,automatic,ci,ci
2019-08-16T21:32:26.790Z,35.679,-117.4676667,10.55,0.76,ml,11,144,0.08179,0.2,ci,ci38976712,2019-08-16T21:36:08.647Z,"11km SSW of Searles Valley, CA",earthquake,0.96,1.79,0.133,7,automatic,ci,ci
2019-08-16T21:27:47.780Z,35.7756667,-117.5868333,6.3,1.52,ml,24,112,0.04092,0.15,ci,ci38976688,2019-08-16T21:31:45.020Z,"16km W of Searles Valley, CA",earthquake,0.23,0.61,0.153,26,automatic,ci,ci
2019-08-16T21:24:18.660Z,38.5779991,-122.6500015,2.25,1.42,md,7,144,,0.07,nc,nc73252195,2019-08-17T01:23:02.710Z,"6km W of Calistoga, CA",earthquake,0.49,9.8,0.17,6,automatic,nc,nc
2019-08-16T21:23:49.370Z,35.7033333,-117.512,2.42,1.49,ml,24,73,0.08139,0.24,ci,ci38976680,2019-08-16T21:34:19.230Z,"12km SW of Searles Valley, CA",earthquake,0.4,0.53,0.135,24,automatic,ci,ci
2019-08-16T21:17:13.370Z,35.7098333,-117.5421667,6.81,0.88,ml,19,125,0.09031,0.17,ci,ci38976672,2019-08-16T21:20:45.951Z,"14km WSW of Searles Valley, CA",earthquake,0.35,0.89,0.153,11,automatic,ci,ci
2019-08-16T21:16:19.840Z,18.0386,-68.378,6,2.8,md,6,221,0.963,0.14,pr,pr2019228014,2019-08-16T23:59:14.040Z,"54km SSE of Boca de Yuma, Dominican Republic",earthquake,3.13,1.73,0.27,4,reviewed,pr,pr
2019-08-16T21:14:29.970Z,31.815834,-115.5178299,17.16,2.97,ml,18,106,0.4115,0.23,ci,ci38976664,2019-08-16T23:29:36.040Z,"56km SW of Alberto Oviedo Mota, B.C., MX",earthquake,0.48,1.52,0.313,27,automatic,ci,ci
2019-08-16T21:10:05.290Z,35.6963333,-117.517,5.06,1.84,ml,26,68,0.08211,0.22,ci,ci38976656,2019-08-16T21:13:57.913Z,"13km SW of Searles Valley, CA",earthquake,0.33,0.75,0.21,26,automatic,ci,ci
2019-08-16T21:04:20.410Z,38.8023338,-122.8345032,5.27,0.32,md,9,108,,0.03,nc,nc73252185,2019-08-16T21:52:03.402Z,"7km WNW of The Geysers, CA",earthquake,1.01,3.7,0.24,2,automatic,nc,nc
2019-08-16T21:01:02.200Z,35.6873333,-117.5321667,4.37,0.78,ml,13,124,0.07176,0.21,ci,ci38976648,2019-08-16T21:04:48.131Z,"15km SW of Searles Valley, CA",earthquake,0.48,1.06,0.084,8,automatic,ci,ci
2019-08-16T20:56:48.079Z,68.9187,-146.5842,0.9,2.5,ml,,,,0.54,ak,ak019ahervun,2019-08-17T15:59:27.040Z,"101km NNW of Arctic Village, Alaska",earthquake,,2.4,,,reviewed,ak,ak
2019-08-16T20:51:23.470Z,35.9265,-117.6643333,5.13,0.92,ml,10,66,0.02417,0.22,ci,ci38976632,2019-08-16T20:55:07.805Z,"22km E of Little Lake, CA",earthquake,0.74,1.46,0.141,12,automatic,ci,ci
2019-08-16T20:50:05.460Z,36.0258333,-117.8426667,1.78,0.72,ml,10,109,0.0427,0.08,ci,ci38976624,2019-08-16T20:53:41.795Z,"10km ESE of Coso Junction, CA",earthquake,0.21,0.25,0.245,6,automatic,ci,ci
2019-08-16T20:46:11.830Z,38.8030014,-122.7978363,7.61,0.55,md,5,176,0.00534,0.01,nc,nc73252180,2019-08-16T21:10:04.855Z,"5km NW of The Geysers, CA",earthquake,1.66,6.56,,1,automatic,nc,nc
2019-08-16T20:44:59.390Z,36.0776667,-117.8576667,3.02,1.41,ml,19,103,0.0399,0.14,ci,ci38976600,2019-08-16T20:48:44.765Z,"9km ENE of Coso Junction, CA",earthquake,0.28,0.54,0.312,21,automatic,ci,ci
2019-08-16T20:44:44.680Z,68.91,-146.7307,0,2.4,ml,,,,0.96,ak,ak019ahepblc,2019-08-16T20:49:05.097Z,"100km NNW of Arctic Village, Alaska",earthquake,,0.3,,,automatic,ak,ak
2019-08-16T20:43:28.470Z,35.7431667,-117.5631667,1.91,0.85,ml,11,114,0.07762,0.15,ci,ci38976592,2019-08-16T20:47:09.752Z,"15km W of Searles Valley, CA",earthquake,0.27,0.43,0.113,10,automatic,ci,ci
2019-08-16T20:38:42.050Z,17.8135,-66.2911,14,1.31,md,3,263,0.2388,0.06,pr,pr2019228013,2019-08-16T23:40:20.276Z,"17km SSW of Central Aguirre, Puerto Rico",earthquake,1.31,7.68,0.45,2,reviewed,pr,pr
2019-08-16T20:22:05.530Z,35.735,-117.5845,2.73,0.92,ml,13,120,0.08126,0.23,ci,ci38976560,2019-08-16T20:25:40.768Z,"15km NNE of Ridgecrest, CA",earthquake,0.41,0.71,0.187,10,automatic,ci,ci
2019-08-16T20:17:38.920Z,33.3576667,-116.2448333,4.58,0.79,ml,20,149,0.1647,0.13,ci,ci38976544,2019-08-16T20:21:23.495Z,"17km NE of Borrego Springs, CA",earthquake,0.34,0.86,0.138,15,automatic,ci,ci
2019-08-16T20:16:59.710Z,35.618,-117.446,4.98,1.35,ml,25,77,0.03409,0.23,ci,ci38976536,2019-08-16T20:20:40.597Z,"17km SSW of Searles Valley, CA",earthquake,0.35,0.49,0.167,16,automatic,ci,ci
2019-08-16T20:13:49.810Z,35.6745,-117.5471667,4.77,1.41,ml,23,104,0.05531,0.21,ci,ci38976528,2019-08-16T20:17:24.465Z,"13km ENE of Ridgecrest, CA",earthquake,0.33,0.61,0.192,21,automatic,ci,ci
2019-08-16T20:11:36.560Z,36.28333333,-97.67983333,7.56,2,ml,50,42,0.146671218,0.17,ok,ok2019qahe,2019-08-16T21:04:04.230Z,"19km E of Waukomis, Oklahoma",earthquake,,0.4,0.31,10,reviewed,ok,ok
2019-08-16T20:09:59.810Z,19.4488333,-155.3181667,0.89,0.77,md,13,129,0.03765,0.1,hv,hv71090277,2019-08-17T05:39:33.340Z,"8km WNW of Volcano, Hawaii",earthquake,0.33,0.8,0.147,4,reviewed,hv,hv
2019-08-16T20:09:05.880Z,35.5308333,-117.373,7.59,1.81,ml,22,66,0.009066,0.16,ci,ci38976512,2019-08-16T20:12:57.442Z,"26km S of Trona, CA",earthquake,0.29,0.53,0.148,26,automatic,ci,ci
2019-08-16T20:00:06.480Z,33.6671667,-116.7653333,16.47,0.92,ml,31,46,0.0612,0.13,ci,ci38976504,2019-08-16T20:03:47.320Z,"9km SSW of Idyllwild, CA",earthquake,0.24,0.41,0.193,24,automatic,ci,ci
2019-08-16T19:59:40.870Z,35.7201667,-117.5263333,0.71,1.1,ml,21,74,0.1,0.2,ci,ci38976496,2019-08-16T20:10:28.560Z,"12km WSW of Searles Valley, CA",earthquake,0.35,0.61,0.161,13,automatic,ci,ci
2019-08-16T19:58:41.163Z,67.6757,-163.5279,6,3.2,ml,,,,0.78,ak,ak019ahe6vrx,2019-08-17T15:57:07.040Z,"26km WNW of Noatak, Alaska",earthquake,,0.4,,,automatic,ak,ak
2019-08-16T19:55:42.111Z,38.1014,-97.9556,7.47,2.4,mb_lg,,197,0.675,0.53,us,us6000565k,2019-08-17T15:55:46.493Z,"5km NNW of Hutchinson, Kansas",earthquake,2.5,8.1,0.085,36,reviewed,us,us
2019-08-16T19:52:51.092Z,68.6311,-147.3539,0,1.6,ml,,,,0.8,ak,ak019ahe5ma8,2019-08-16T19:59:14.173Z,"93km NW of Arctic Village, Alaska",earthquake,,0.3,,,automatic,ak,ak
2019-08-16T19:50:25.730Z,38.8101654,-122.8294983,3.21,0.56,md,11,65,0.001319,0.03,nc,nc73252175,2019-08-16T20:19:03.063Z,"7km WNW of The Geysers, CA",earthquake,0.5,1.58,,1,automatic,nc,nc
2019-08-16T19:41:46.240Z,45.853,-111.353,6,0.65,ml,5,200,0.313,0.07,mb,mb80357784,2019-08-16T20:30:57.500Z,"1km WSW of Manhattan, Montana",earthquake,0.97,6.55,,0,reviewed,mb,mb
2019-08-16T19:32:54.410Z,38.7966652,-122.8174973,3.1,0.35,md,9,88,,0.05,nc,nc73252170,2019-08-16T20:09:03.879Z,"6km WNW of The Geysers, CA",earthquake,0.61,1.15,0.21,3,automatic,nc,nc
2019-08-16T19:32:38.380Z,35.9516667,-117.7013333,3.11,0.75,ml,12,94,0.04151,0.14,ci,ci38976456,2019-08-16T19:36:12.139Z,"19km E of Little Lake, CA",earthquake,0.44,1.08,0.124,5,automatic,ci,ci
2019-08-16T19:32:16.200Z,35.9426667,-117.6933333,6.69,1.21,ml,18,68,0.03524,0.15,ci,ci38976448,2019-08-16T19:35:57.139Z,"19km E of Little Lake, CA",earthquake,0.24,0.48,0.197,16,automatic,ci,ci
2019-08-16T19:25:46.940Z,35.9101667,-117.6813333,2.54,0.69,ml,7,88,0.04526,0.1,ci,ci38976432,2019-08-16T19:29:29.104Z,"20km E of Little Lake, CA",earthquake,0.4,0.67,0.097,7,automatic,ci,ci
2019-08-16T19:23:14.130Z,35.8263333,-117.6488333,7.83,0.63,ml,6,108,0.04303,0.08,ci,ci38976416,2019-08-16T19:26:53.084Z,"23km N of Ridgecrest, CA",earthquake,0.48,1.06,0.177,3,automatic,ci,ci
2019-08-16T19:11:07.800Z,35.6683333,-117.4561667,6.95,0.69,ml,13,119,0.02665,0.29,ci,ci38976384,2019-08-16T19:14:44.029Z,"12km SSW of Searles Valley, CA",earthquake,0.9,1.55,0.112,8,automatic,ci,ci
2019-08-16T19:00:36.107Z,61.73,-150.9874,57.4,1.9,ml,,,,0.59,ak,ak019ahdufvd,2019-08-16T19:06:01.655Z,"50km W of Willow, Alaska",earthquake,,0.5,,,automatic,ak,ak
2019-08-16T18:49:21.830Z,36.0798333,-117.8635,4.2,0.45,ml,6,173,0.03831,0.09,ci,ci37423893,2019-08-16T19:55:19.263Z,"9km ENE of Coso Junction, CA",earthquake,0.53,0.43,0.041,1,reviewed,ci,ci
2019-08-16T18:48:56.120Z,35.919,-117.6728333,2.91,0.27,ml,10,75,0.03411,0.08,ci,ci37423901,2019-08-16T19:59:50.136Z,"21km E of Little Lake, CA",earthquake,0.22,0.2,0.097,4,reviewed,ci,ci
2019-08-16T18:48:54.680Z,36.0791667,-117.8586667,4.33,0.62,ml,7,164,0.03846,0.09,ci,ci38976328,2019-08-16T20:08:23.190Z,"9km ENE of Coso Junction, CA",earthquake,0.4,0.39,0.157,4,reviewed,ci,ci
2019-08-16T18:46:38.240Z,19.1596667,-155.4566667,35.93,1.99,ml,48,170,0.006668,0.11,hv,hv71090197,2019-08-16T21:02:28.120Z,"5km SSE of Pahala, Hawaii",earthquake,0.54,0.66,0.127,8,reviewed,hv,hv
2019-08-16T18:41:42.820Z,33.3223333,-116.3311667,11.84,0.89,ml,26,125,0.09001,0.21,ci,ci38976304,2019-08-16T18:45:27.810Z,"8km NNE of Borrego Springs, CA",earthquake,0.42,0.93,0.152,22,automatic,ci,ci
2019-08-16T18:33:50.060Z,35.6178333,-117.588,7.51,1.47,ml,28,42,0.01595,0.13,ci,ci38976288,2019-08-16T18:44:51.650Z,"8km E of Ridgecrest, CA",earthquake,0.21,0.48,0.154,22,automatic,ci,ci
2019-08-16T18:26:01.850Z,68.789,-148.2656,1,1.7,ml,,,,0.62,ak,ak019ahdei9k,2019-08-16T18:30:34.224Z,"133km NW of Arctic Village, Alaska",earthquake,,0.2,,,automatic,ak,ak
2019-08-16T18:25:52.820Z,36.065,-117.8615,2.41,1.15,ml,16,137,0.05275,0.09,ci,ci38976264,2019-08-16T18:29:24.167Z,"8km ENE of Coso Junction, CA",earthquake,0.33,0.27,0.228,17,automatic,ci,ci
2019-08-16T18:21:14.910Z,45.8485,-111.3796667,3.98,1.48,ml,10,112,0.307,0.26,mb,mb80357774,2019-08-16T22:41:34.530Z,"3km WSW of Manhattan, Montana",earthquake,0.69,31.61,0.09,2,reviewed,mb,mb
2019-08-16T18:21:14.830Z,38.791832,-122.748497,0.9,1.71,md,23,66,,0.04,nc,nc73252155,2019-08-16T19:27:04.340Z,"2km NNE of The Geysers, CA",earthquake,0.2,0.41,0.05,11,automatic,nc,nc
2019-08-16T18:18:54.390Z,36.7535019,-121.5893326,1.27,1.19,md,9,183,0.02232,0.05,nc,nc73252150,2019-08-16T19:16:03.833Z,"8km ESE of Prunedale, CA",earthquake,0.36,0.58,0.18,5,automatic,nc,nc
2019-08-16T18:14:25.530Z,35.6463333,-117.4538333,4.02,2.8,ml,37,56,0.03089,0.14,ci,ci38976240,2019-08-16T19:56:54.067Z,"14km SSW of Searles Valley, CA",earthquake,0.19,0.44,0.118,25,automatic,ci,ci
2019-08-16T18:04:11.820Z,37.5571667,-118.8295,1.83,0.63,md,13,233,0.0328,0.03,nc,nc73252135,2019-08-16T22:24:02.615Z,"13km W of Toms Place, CA",earthquake,1.41,0.88,0.193,13,reviewed,nc,nc
2019-08-16T18:03:07.540Z,37.8665009,-122.0076675,6.57,1.42,md,10,64,0.06645,0.05,nc,nc73252130,2019-08-16T18:34:02.717Z,"3km NE of Alamo, CA",earthquake,0.29,0.74,0.11,9,automatic,nc,nc
2019-08-16T17:56:56.030Z,36.0486667,-117.4815,4.32,0.91,ml,10,190,0.01112,0.19,ci,ci38976160,2019-08-16T18:00:34.982Z,"32km NNW of Searles Valley, CA",earthquake,0.91,0.44,0.134,7,automatic,ci,ci
2019-08-16T17:52:21.280Z,35.707,-117.5123333,4.67,1.58,ml,29,56,0.0834,0.15,ci,ci38976152,2019-08-16T18:03:32.970Z,"12km SW of Searles Valley, CA",earthquake,0.25,0.56,0.181,23,automatic,ci,ci
2019-08-16T17:45:47.060Z,36.0743333,-117.8525,2.42,2.14,ml,26,94,0.0432,0.19,ci,ci38976136,2019-08-16T19:09:12.992Z,"9km ENE of Coso Junction, CA",earthquake,0.28,0.41,0.269,26,automatic,ci,ci
2019-08-16T17:44:08.430Z,35.6871667,-117.4853333,5.32,1.11,ml,19,75,0.05481,0.18,ci,ci38976120,2019-08-16T17:47:53.259Z,"12km SW of Searles Valley, CA",earthquake,0.32,0.9,0.207,11,automatic,ci,ci
2019-08-16T17:43:46.369Z,35.135,-95.36766667,7,2.62,ml,50,130,0.847633665,0.22,ok,ok2019qach,2019-08-17T15:06:24.040Z,"1km NNW of Quinton, Oklahoma",earthquake,,1.3,0.23,8,reviewed,ok,ok
2019-08-16T17:42:15.520Z,36.0846667,-117.8495,1.84,1.2,ml,13,126,0.03313,0.17,ci,ci38976096,2019-08-16T17:47:48.258Z,"10km ENE of Coso Junction, CA",earthquake,0.42,0.35,0.205,16,automatic,ci,ci
2019-08-16T17:35:04.210Z,32.7655,-116.1635,7.25,1.08,ml,17,85,0.06174,0.21,ci,ci38976088,2019-08-16T17:38:42.269Z,"16km WNW of Ocotillo, CA",earthquake,0.44,1.17,0.21,14,automatic,ci,ci
2019-08-16T17:34:34.390Z,35.666,-117.4901667,5.74,1.66,ml,26,54,0.05415,0.15,ci,ci38976080,2019-08-16T17:45:18.540Z,"14km SW of Searles Valley, CA",earthquake,0.29,0.7,0.166,24,automatic,ci,ci
2019-08-16T17:30:56.925Z,37.3448,-117.1421,11.6,1.1,ml,11,123.21,0.104,0.2394,nn,nn00699998,2019-08-17T02:07:08.532Z,"41km SSE of Goldfield, Nevada",earthquake,,4.8,,,reviewed,nn,nn
2019-08-16T17:29:13.930Z,35.9178333,-117.7445,7.68,1.03,ml,12,105,0.06723,0.06,ci,ci38976064,2019-08-16T17:32:40.170Z,"15km E of Little Lake, CA",earthquake,0.17,0.57,0.146,10,automatic,ci,ci
2019-08-16T17:27:46.320Z,38.8121681,-122.831337,4.74,0.74,md,9,193,0.003702,0.03,nc,nc73252105,2019-08-16T17:42:03.479Z,"8km WNW of The Geysers, CA",earthquake,1.45,3,,1,automatic,nc,nc
2019-08-16T17:26:54.140Z,35.6073333,-117.4408333,5.16,1.47,ml,23,74,0.02712,0.18,ci,ci38976056,2019-08-16T17:30:38.157Z,"18km S of Searles Valley, CA",earthquake,0.28,0.38,0.189,19,automatic,ci,ci
2019-08-16T17:25:02.910Z,35.641,-117.4671667,9.03,0.73,ml,14,86,0.04282,0.16,ci,ci38976048,2019-08-16T17:28:38.145Z,"15km SSW of Searles Valley, CA",earthquake,0.43,0.57,0.145,8,automatic,ci,ci
2019-08-16T17:12:25.020Z,18.8278,-66.7541,56,2.67,md,4,324,0.4812,0.12,pr,pr2019228012,2019-08-16T18:37:32.357Z,"38km N of Hatillo, Puerto Rico",earthquake,1.77,2.31,0.04,4,reviewed,pr,pr
2019-08-16T17:08:18.550Z,35.7036667,-117.4888333,10.74,1.29,ml,24,62,0.06552,0.17,ci,ci38976032,2019-08-16T17:19:07.200Z,"10km SW of Searles Valley, CA",earthquake,0.32,0.58,0.126,17,automatic,ci,ci
2019-08-16T16:57:22.370Z,33.6011667,-116.8028333,5.53,0.58,ml,19,82,0.03318,0.09,ci,ci38976000,2019-08-16T17:01:09.789Z,"13km WNW of Anza, CA",earthquake,0.26,0.47,0.286,12,automatic,ci,ci
2019-08-16T16:56:36.599Z,67.9544,-159.1758,0,2.9,ml,,,,0.89,ak,ak019ahce55x,2019-08-16T19:17:09.040Z,"152km NW of Kobuk, Alaska",earthquake,,0.2,,,automatic,ak,ak
2019-08-16T16:54:52.980Z,35.5305,-117.3778333,8.25,2,ml,28,64,0.01218,0.13,ci,ci38975992,2019-08-16T17:06:00.610Z,"26km S of Trona, CA",earthquake,0.22,0.41,0.101,26,automatic,ci,ci
2019-08-16T16:54:05.690Z,36.4544983,-121.033165,2.04,1.82,md,8,112,0.03183,0.04,nc,nc73252095,2019-08-16T20:44:03.514Z,"13km SE of Pinnacles, CA",earthquake,0.35,0.56,0.29,8,automatic,nc,nc
2019-08-16T16:53:42.777Z,58.2356,-155.1874,1,0.4,ml,,,,0.22,ak,ak019ahcdh6x,2019-08-16T19:38:08.735Z,"99km ESE of King Salmon, Alaska",earthquake,,0,,,reviewed,ak,ak
2019-08-16T16:53:11.100Z,38.8221664,-122.7653351,1.89,0.33,md,8,126,0.009031,0.03,nc,nc73252090,2019-08-16T17:00:05.465Z,"4km W of Cobb, CA",earthquake,0.44,0.94,0.24,2,automatic,nc,nc
2019-08-16T16:49:39.800Z,36.0885,-117.8573333,1.41,1.38,ml,10,138,0.02909,0.21,ci,ci38975968,2019-08-16T16:53:10.922Z,"10km ENE of Coso Junction, CA",earthquake,0.56,0.42,0.212,17,automatic,ci,ci
2019-08-16T16:43:28.560Z,18.1551,-68.5571,144,3.06,md,10,204,1.102,0.25,pr,pr2019228011,2019-08-16T19:12:38.040Z,"104km S of Boca de Yuma, Dominican Republic",earthquake,2.21,1.66,0.43,8,reviewed,pr,pr
2019-08-16T16:38:59.982Z,69.4098,-146.4804,5.7,1.8,ml,,,,0.69,ak,ak019ahcaf85,2019-08-16T16:42:18.262Z,"118km SE of Prudhoe Bay, Alaska",earthquake,,0.3,,,automatic,ak,ak
2019-08-16T16:35:53.850Z,36.0805,-117.863,2.4,2.52,ml,29,57,0.03759,0.13,ci,ci38975928,2019-08-16T16:46:53.870Z,"9km ENE of Coso Junction, CA",earthquake,0.24,0.34,0.243,25,automatic,ci,ci
2019-08-16T16:26:45.460Z,36.1786667,-117.8768333,2.92,1.86,ml,23,58,0.0635,0.18,ci,ci38975920,2019-08-16T16:37:44.940Z,"16km NNE of Coso Junction, CA",earthquake,0.36,1.01,0.247,24,automatic,ci,ci
2019-08-16T16:26:00.150Z,35.673,-117.58,6.54,0.65,ml,13,112,0.05162,0.15,ci,ci38975912,2019-08-16T16:29:44.787Z,"10km NE of Ridgecrest, CA",earthquake,0.37,0.89,0.094,7,automatic,ci,ci
2019-08-16T16:23:04.720Z,35.923,-117.6941667,1.71,1.72,ml,24,40,0.07611,0.18,ci,ci38975896,2019-08-16T16:26:55.586Z,"19km E of Little Lake, CA",earthquake,0.25,0.38,0.09,24,automatic,ci,ci
2019-08-16T16:17:05.454Z,62.2682,-151.4151,92.5,1.6,ml,,,,0.75,ak,ak019ahc5pva,2019-08-16T16:21:53.891Z,"68km W of Talkeetna, Alaska",earthquake,,0.5,,,automatic,ak,ak
2019-08-16T16:17:05.080Z,35.8066667,-117.6178333,7.96,1.06,ml,22,67,0.01884,0.18,ci,ci38975888,2019-08-16T16:20:48.742Z,"20km WNW of Searles Valley, CA",earthquake,0.31,0.64,0.2,12,automatic,ci,ci
2019-08-16T16:15:25.480Z,38.8183327,-122.8213348,2.91,0.78,md,14,73,,0.03,nc,nc73252055,2019-08-16T16:31:03.922Z,"7km NW of The Geysers, CA",earthquake,0.31,0.75,0.13,2,automatic,nc,nc
2019-08-16T16:12:08.260Z,35.845,-117.4771667,0.35,1.44,ml,24,75,0.1021,0.14,ci,ci38975880,2019-08-16T16:22:42.370Z,"11km NW of Searles Valley, CA",earthquake,0.23,0.48,0.155,19,automatic,ci,ci
2019-08-16T16:09:30.930Z,36.1146667,-117.7326667,15.5,1.32,ml,8,124,0.09898,0.33,ci,ci38975872,2019-08-16T16:13:14.940Z,"21km ENE of Coso Junction, CA",earthquake,1.86,1.6,0.41,8,automatic,ci,ci
2019-08-16T16:07:30.315Z,36.0457,-114.6387,4.9,1.4,ml,6,250.54,0.187,0.1881,nn,nn00700033,2019-08-17T02:07:19.294Z,"18km ENE of Boulder City, Nevada",earthquake,,49.6,,,reviewed,nn,nn
